CodigoEstacion,NombreEstacion,Latitud,Longitud,Altitud,Categoria,Entidad,AreaOperativa,Departamento,Municipio,FechaInstalacion,FechaSuspension,IdParametro,Etiqueta,DescripcionSerie,Frecuencia,Fecha,Valor,Grado,Calificador,NivelAprobacion
29037020,CALAMAR [29037020],10.25386111,-74.91169444,8,Limnimétrica,INSTITUTO DE HIDROLOGIA METEOROLOGIA Y ESTUDIOS AMBIENTALES,Area Operativa 02 - Atlántico-Bolivar-Sucre,Bolivar,Calamar,15/07/1940 00:00,,CAUDAL,Q_MEDIA_M,Caudal medio mensual,Mensual,1996-01-01 00:00,6822,50,,900
29037020,CALAMAR [29037020],10.25386111,-74.91169444,8,Limnimétrica,INSTITUTO DE HIDROLOGIA METEOROLOGIA Y ESTUDIOS AMBIENTALES,Area Operativa 02 - Atlántico-Bolivar-Sucre,Bolivar,Calamar,15/07/1940 00:00,,CAUDAL,Q_MEDIA_M,Caudal medio mensual,Mensual,1996-02-01 00:00,4982,50,,900
29037020,CALAMAR [29037020],10.25386111,-74.91169444,8,Limnimétrica,INSTITUTO DE HIDROLOGIA METEOROLOGIA Y ESTUDIOS AMBIENTALES,Area Operativa 02 - Atlántico-Bolivar-Sucre,Bolivar,Calamar,15/07/1940 00:00,,CAUDAL,Q_MEDIA_M,Caudal medio mensual,Mensual,1996-03-01 00:00,5883,50,,900
29037020,CALAMAR [29037020],10.25386111,-74.91169444,8,Limnimétrica,INSTITUTO DE HIDROLOGIA METEOROLOGIA Y ESTUDIOS AMBIENTALES,Area Operativa 02 - Atlántico-Bolivar-Sucre,Bolivar,Calamar,15/07/1940 00:00,,CAUDAL,Q_MEDIA_M,Caudal medio mensual,Mensual,1996-04-01 00:00,6627,50,,900
29037020,CALAMAR [29037020],10.25386111,-74.91169444,8,Limnimétrica,INSTITUTO DE HIDROLOGIA METEOROLOGIA Y ESTUDIOS AMBIENTALES,Area Operativa 02 - Atlántico-Bolivar-Sucre,Bolivar,Calamar,15/07/1940 00:00,,CAUDAL,Q_MEDIA_M,Caudal medio mensual,Mensual,1996-05-01 00:00,7209,50,,900
29037020,CALAMAR [29037020],10.25386111,-74.91169444,8,Limnimétrica,INSTITUTO DE HIDROLOGIA METEOROLOGIA Y ESTUDIOS AMBIENTALES,Area Operativa 02 - Atlántico-Bolivar-Sucre,Bolivar,Calamar,15/07/1940 00:00,,CAUDAL,Q_MEDIA_M,Caudal medio mensual,Mensual,1996-06-01 00:00,9225,50,,900
29037020,CALAMAR [29037020],10.25386111,-74.91169444,8,Limnimétrica,INSTITUTO DE HIDROLOGIA METEOROLOGIA Y ESTUDIOS AMBIENTALES,Area Operativa 02 - Atlántico-Bolivar-Sucre,Bolivar,Calamar,15/07/1940 00:00,,CAUDAL,Q_MEDIA_M,Caudal medio mensual,Mensual,1996-07-01 00:00,11029,50,,900
29037020,CALAMAR [29037020],10.25386111,-74.91169444,8,Limnimétrica,INSTITUTO DE HIDROLOGIA METEOROLOGIA Y ESTUDIOS AMBIENTALES,Area Operativa 02 - Atlántico-Bolivar-Sucre,Bolivar,Calamar,15/07/1940 00:00,,CAUDAL,Q_MEDIA_M,Caudal medio mensual,Mensual,1996-08-01 00:00,11122,50,,900
29037020,CALAMAR [29037020],10.25386111,-74.91169444,8,Limnimétrica,INSTITUTO DE HIDROLOGIA METEOROLOGIA Y ESTUDIOS AMBIENTALES,Area Operativa 02 - Atlántico-Bolivar-Sucre,Bolivar,Calamar,15/07/1940 00:00,,CAUDAL,Q_MEDIA_M,Caudal medio mensual,Mensual,1996-09-01 00:00,10234,50,,900
29037020,CALAMAR [29037020],10.25386111,-74.91169444,8,Limnimétrica,INSTITUTO DE HIDROLOGIA METEOROLOGIA Y ESTUDIOS AMBIENTALES,Area Operativa 02 - Atlántico-Bolivar-Sucre,Bolivar,Calamar,15/07/1940 00:00,,CAUDAL,Q_MEDIA_M,Caudal medio mensual,Mensual,1996-10-01 00:00,9896,50,,900
29037020,CALAMAR [29037020],10.25386111,-74.91169444,8,Limnimétrica,INSTITUTO DE HIDROLOGIA METEOROLOGIA Y ESTUDIOS AMBIENTALES,Area Operativa 02 - Atlántico-Bolivar-Sucre,Bolivar,Calamar,15/07/1940 00:00,,CAUDAL,Q_MEDIA_M,Caudal medio mensual,Mensual,1996-11-01 00:00,10511,50,,900
29037020,CALAMAR [29037020],10.25386111,-74.91169444,8,Limnimétrica,INSTITUTO DE HIDROLOGIA METEOROLOGIA Y ESTUDIOS AMBIENTALES,Area Operativa 02 - Atlántico-Bolivar-Sucre,Bolivar,Calamar,15/07/1940 00:00,,CAUDAL,Q_MEDIA_M,Caudal medio mensual,Mensual,1996-12-01 00:00,9402,50,,900
29037020,CALAMAR [29037020],10.25386111,-74.91169444,8,Limnimétrica,INSTITUTO DE HIDROLOGIA METEOROLOGIA Y ESTUDIOS AMBIENTALES,Area Operativa 02 - Atlántico-Bolivar-Sucre,Bolivar,Calamar,15/07/1940 00:00,,CAUDAL,Q_MEDIA_M,Caudal medio mensual,Mensual,1997-01-01 00:00,5692,50,,900
29037020,CALAMAR [29037020],10.25386111,-74.91169444,8,Limnimétrica,INSTITUTO DE HIDROLOGIA METEOROLOGIA Y ESTUDIOS AMBIENTALES,Area Operativa 02 - Atlántico-Bolivar-Sucre,Bolivar,Calamar,15/07/1940 00:00,,CAUDAL,Q_MEDIA_M,Caudal medio mensual,Mensual,1997-02-01 00:00,4934,50,,900
29037020,CALAMAR [29037020],10.25386111,-74.91169444,8,Limnimétrica,INSTITUTO DE HIDROLOGIA METEOROLOGIA Y ESTUDIOS AMBIENTALES,Area Operativa 02 - Atlántico-Bolivar-Sucre,Bolivar,Calamar,15/07/1940 00:00,,CAUDAL,Q_MEDIA_M,Caudal medio mensual,Mensual,1997-03-01 00:00,3689,50,,900
29037020,CALAMAR [29037020],10.25386111,-74.91169444,8,Limnimétrica,INSTITUTO DE HIDROLOGIA METEOROLOGIA Y ESTUDIOS AMBIENTALES,Area Operativa 02 - Atlántico-Bolivar-Sucre,Bolivar,Calamar,15/07/1940 00:00,,CAUDAL,Q_MEDIA_M,Caudal medio mensual,Mensual,1997-04-01 00:00,3704,50,,900
29037020,CALAMAR [29037020],10.25386111,-74.91169444,8,Limnimétrica,INSTITUTO DE HIDROLOGIA METEOROLOGIA Y ESTUDIOS AMBIENTALES,Area Operativa 02 - Atlántico-Bolivar-Sucre,Bolivar,Calamar,15/07/1940 00:00,,CAUDAL,Q_MEDIA_M,Caudal medio mensual,Mensual,1997-05-01 00:00,4582,50,,900
29037020,CALAMAR [29037020],10.25386111,-74.91169444,8,Limnimétrica,INSTITUTO DE HIDROLOGIA METEOROLOGIA Y ESTUDIOS AMBIENTALES,Area Operativa 02 - Atlántico-Bolivar-Sucre,Bolivar,Calamar,15/07/1940 00:00,,CAUDAL,Q_MEDIA_M,Caudal medio mensual,Mensual,1997-06-01 00:00,5438,50,,900
29037020,CALAMAR [29037020],10.25386111,-74.91169444,8,Limnimétrica,INSTITUTO DE HIDROLOGIA METEOROLOGIA Y ESTUDIOS AMBIENTALES,Area Operativa 02 - Atlántico-Bolivar-Sucre,Bolivar,Calamar,15/07/1940 00:00,,CAUDAL,Q_MEDIA_M,Caudal medio mensual,Mensual,1997-07-01 00:00,5066,50,,900
29037020,CALAMAR [29037020],10.25386111,-74.91169444,8,Limnimétrica,INSTITUTO DE HIDROLOGIA METEOROLOGIA Y ESTUDIOS AMBIENTALES,Area Operativa 02 - Atlántico-Bolivar-Sucre,Bolivar,Calamar,15/07/1940 00:00,,CAUDAL,Q_MEDIA_M,Caudal medio mensual,Mensual,1997-08-01 00:00,3728,50,,900
29037020,CALAMAR [29037020],10.25386111,-74.91169444,8,Limnimétrica,INSTITUTO DE HIDROLOGIA METEOROLOGIA Y ESTUDIOS AMBIENTALES,Area Operativa 02 - Atlántico-Bolivar-Sucre,Bolivar,Calamar,15/07/1940 00:00,,CAUDAL,Q_MEDIA_M,Caudal medio mensual,Mensual,1997-09-01 00:00,3661,50,,900
29037020,CALAMAR [29037020],10.25386111,-74.91169444,8,Limnimétrica,INSTITUTO DE HIDROLOGIA METEOROLOGIA Y ESTUDIOS AMBIENTALES,Area Operativa 02 - Atlántico-Bolivar-Sucre,Bolivar,Calamar,15/07/1940 00:00,,CAUDAL,Q_MEDIA_M,Caudal medio mensual,Mensual,1997-10-01 00:00,5039,50,,900
29037020,CALAMAR [29037020],10.25386111,-74.91169444,8,Limnimétrica,INSTITUTO DE HIDROLOGIA METEOROLOGIA Y ESTUDIOS AMBIENTALES,Area Operativa 02 - Atlántico-Bolivar-Sucre,Bolivar,Calamar,15/07/1940 00:00,,CAUDAL,Q_MEDIA_M,Caudal medio mensual,Mensual,1997-11-01 00:00,5662,50,,900
29037020,CALAMAR [29037020],10.25386111,-74.91169444,8,Limnimétrica,INSTITUTO DE HIDROLOGIA METEOROLOGIA Y ESTUDIOS AMBIENTALES,Area Operativa 02 - Atlántico-Bolivar-Sucre,Bolivar,Calamar,15/07/1940 00:00,,CAUDAL,Q_MEDIA_M,Caudal medio mensual,Mensual,1997-12-01 00:00,4819,50,,900
29037020,CALAMAR [29037020],10.25386111,-74.91169444,8,Limnimétrica,INSTITUTO DE HIDROLOGIA METEOROLOGIA Y ESTUDIOS AMBIENTALES,Area Operativa 02 - Atlántico-Bolivar-Sucre,Bolivar,Calamar,15/07/1940 00:00,,CAUDAL,Q_MEDIA_M,Caudal medio mensual,Mensual,1998-01-01 00:00,2626,50,,900
29037020,CALAMAR [29037020],10.25386111,-74.91169444,8,Limnimétrica,INSTITUTO DE HIDROLOGIA METEOROLOGIA Y ESTUDIOS AMBIENTALES,Area Operativa 02 - Atlántico-Bolivar-Sucre,Bolivar,Calamar,15/07/1940 00:00,,CAUDAL,Q_MEDIA_M,Caudal medio mensual,Mensual,1998-02-01 00:00,2746,4,EST. OTROS METODOS,900
29037020,CALAMAR [29037020],10.25386111,-74.91169444,8,Limnimétrica,INSTITUTO DE HIDROLOGIA METEOROLOGIA Y ESTUDIOS AMBIENTALES,Area Operativa 02 - Atlántico-Bolivar-Sucre,Bolivar,Calamar,15/07/1940 00:00,,CAUDAL,Q_MEDIA_M,Caudal medio mensual,Mensual,1998-03-01 00:00,2533,50,,900
29037020,CALAMAR [29037020],10.25386111,-74.91169444,8,Limnimétrica,INSTITUTO DE HIDROLOGIA METEOROLOGIA Y ESTUDIOS AMBIENTALES,Area Operativa 02 - Atlántico-Bolivar-Sucre,Bolivar,Calamar,15/07/1940 00:00,,CAUDAL,Q_MEDIA_M,Caudal medio mensual,Mensual,1998-04-01 00:00,4127,50,,900
29037020,CALAMAR [29037020],10.25386111,-74.91169444,8,Limnimétrica,INSTITUTO DE HIDROLOGIA METEOROLOGIA Y ESTUDIOS AMBIENTALES,Area Operativa 02 - Atlántico-Bolivar-Sucre,Bolivar,Calamar,15/07/1940 00:00,,CAUDAL,Q_MEDIA_M,Caudal medio mensual,Mensual,1998-05-01 00:00,6514,50,,900
29037020,CALAMAR [29037020],10.25386111,-74.91169444,8,Limnimétrica,INSTITUTO DE HIDROLOGIA METEOROLOGIA Y ESTUDIOS AMBIENTALES,Area Operativa 02 - Atlántico-Bolivar-Sucre,Bolivar,Calamar,15/07/1940 00:00,,CAUDAL,Q_MEDIA_M,Caudal medio mensual,Mensual,1998-06-01 00:00,8008,50,,900
29037020,CALAMAR [29037020],10.25386111,-74.91169444,8,Limnimétrica,INSTITUTO DE HIDROLOGIA METEOROLOGIA Y ESTUDIOS AMBIENTALES,Area Operativa 02 - Atlántico-Bolivar-Sucre,Bolivar,Calamar,15/07/1940 00:00,,CAUDAL,Q_MEDIA_M,Caudal medio mensual,Mensual,1998-07-01 00:00,8634,50,,900
29037020,CALAMAR [29037020],10.25386111,-74.91169444,8,Limnimétrica,INSTITUTO DE HIDROLOGIA METEOROLOGIA Y ESTUDIOS AMBIENTALES,Area Operativa 02 - Atlántico-Bolivar-Sucre,Bolivar,Calamar,15/07/1940 00:00,,CAUDAL,Q_MEDIA_M,Caudal medio mensual,Mensual,1998-08-01 00:00,8307,50,,900
29037020,CALAMAR [29037020],10.25386111,-74.91169444,8,Limnimétrica,INSTITUTO DE HIDROLOGIA METEOROLOGIA Y ESTUDIOS AMBIENTALES,Area Operativa 02 - Atlántico-Bolivar-Sucre,Bolivar,Calamar,15/07/1940 00:00,,CAUDAL,Q_MEDIA_M,Caudal medio mensual,Mensual,1998-09-01 00:00,8481,50,,900
29037020,CALAMAR [29037020],10.25386111,-74.91169444,8,Limnimétrica,INSTITUTO DE HIDROLOGIA METEOROLOGIA Y ESTUDIOS AMBIENTALES,Area Operativa 02 - Atlántico-Bolivar-Sucre,Bolivar,Calamar,15/07/1940 00:00,,CAUDAL,Q_MEDIA_M,Caudal medio mensual,Mensual,1998-10-01 00:00,9307,50,,900
29037020,CALAMAR [29037020],10.25386111,-74.91169444,8,Limnimétrica,INSTITUTO DE HIDROLOGIA METEOROLOGIA Y ESTUDIOS AMBIENTALES,Area Operativa 02 - Atlántico-Bolivar-Sucre,Bolivar,Calamar,15/07/1940 00:00,,CAUDAL,Q_MEDIA_M,Caudal medio mensual,Mensual,1998-11-01 00:00,9981,50,,900
29037020,CALAMAR [29037020],10.25386111,-74.91169444,8,Limnimétrica,INSTITUTO DE HIDROLOGIA METEOROLOGIA Y ESTUDIOS AMBIENTALES,Area Operativa 02 - Atlántico-Bolivar-Sucre,Bolivar,Calamar,15/07/1940 00:00,,CAUDAL,Q_MEDIA_M,Caudal medio mensual,Mensual,1998-12-01 00:00,11020,50,,900
29037020,CALAMAR [29037020],10.25386111,-74.91169444,8,Limnimétrica,INSTITUTO DE HIDROLOGIA METEOROLOGIA Y ESTUDIOS AMBIENTALES,Area Operativa 02 - Atlántico-Bolivar-Sucre,Bolivar,Calamar,15/07/1940 00:00,,CAUDAL,Q_MEDIA_M,Caudal medio mensual,Mensual,1999-01-01 00:00,9849,50,,900
29037020,CALAMAR [29037020],10.25386111,-74.91169444,8,Limnimétrica,INSTITUTO DE HIDROLOGIA METEOROLOGIA Y ESTUDIOS AMBIENTALES,Area Operativa 02 - Atlántico-Bolivar-Sucre,Bolivar,Calamar,15/07/1940 00:00,,CAUDAL,Q_MEDIA_M,Caudal medio mensual,Mensual,1999-02-01 00:00,7315,50,,900
29037020,CALAMAR [29037020],10.25386111,-74.91169444,8,Limnimétrica,INSTITUTO DE HIDROLOGIA METEOROLOGIA Y ESTUDIOS AMBIENTALES,Area Operativa 02 - Atlántico-Bolivar-Sucre,Bolivar,Calamar,15/07/1940 00:00,,CAUDAL,Q_MEDIA_M,Caudal medio mensual,Mensual,1999-03-01 00:00,8077,50,,900
29037020,CALAMAR [29037020],10.25386111,-74.91169444,8,Limnimétrica,INSTITUTO DE HIDROLOGIA METEOROLOGIA Y ESTUDIOS AMBIENTALES,Area Operativa 02 - Atlántico-Bolivar-Sucre,Bolivar,Calamar,15/07/1940 00:00,,CAUDAL,Q_MEDIA_M,Caudal medio mensual,Mensual,1999-04-01 00:00,8431,50,,900
29037020,CALAMAR [29037020],10.25386111,-74.91169444,8,Limnimétrica,INSTITUTO DE HIDROLOGIA METEOROLOGIA Y ESTUDIOS AMBIENTALES,Area Operativa 02 - Atlántico-Bolivar-Sucre,Bolivar,Calamar,15/07/1940 00:00,,CAUDAL,Q_MEDIA_M,Caudal medio mensual,Mensual,1999-05-01 00:00,9334,50,,900
29037020,CALAMAR [29037020],10.25386111,-74.91169444,8,Limnimétrica,INSTITUTO DE HIDROLOGIA METEOROLOGIA Y ESTUDIOS AMBIENTALES,Area Operativa 02 - Atlántico-Bolivar-Sucre,Bolivar,Calamar,15/07/1940 00:00,,CAUDAL,Q_MEDIA_M,Caudal medio mensual,Mensual,1999-06-01 00:00,10328,50,,900
29037020,CALAMAR [29037020],10.25386111,-74.91169444,8,Limnimétrica,INSTITUTO DE HIDROLOGIA METEOROLOGIA Y ESTUDIOS AMBIENTALES,Area Operativa 02 - Atlántico-Bolivar-Sucre,Bolivar,Calamar,15/07/1940 00:00,,CAUDAL,Q_MEDIA_M,Caudal medio mensual,Mensual,1999-07-01 00:00,10986,50,,900
29037020,CALAMAR [29037020],10.25386111,-74.91169444,8,Limnimétrica,INSTITUTO DE HIDROLOGIA METEOROLOGIA Y ESTUDIOS AMBIENTALES,Area Operativa 02 - Atlántico-Bolivar-Sucre,Bolivar,Calamar,15/07/1940 00:00,,CAUDAL,Q_MEDIA_M,Caudal medio mensual,Mensual,1999-08-01 00:00,9733,50,,900
29037020,CALAMAR [29037020],10.25386111,-74.91169444,8,Limnimétrica,INSTITUTO DE HIDROLOGIA METEOROLOGIA Y ESTUDIOS AMBIENTALES,Area Operativa 02 - Atlántico-Bolivar-Sucre,Bolivar,Calamar,15/07/1940 00:00,,CAUDAL,Q_MEDIA_M,Caudal medio mensual,Mensual,1999-09-01 00:00,9594,50,,900
29037020,CALAMAR [29037020],10.25386111,-74.91169444,8,Limnimétrica,INSTITUTO DE HIDROLOGIA METEOROLOGIA Y ESTUDIOS AMBIENTALES,Area Operativa 02 - Atlántico-Bolivar-Sucre,Bolivar,Calamar,15/07/1940 00:00,,CAUDAL,Q_MEDIA_M,Caudal medio mensual,Mensual,1999-10-01 00:00,11434,50,,900
29037020,CALAMAR [29037020],10.25386111,-74.91169444,8,Limnimétrica,INSTITUTO DE HIDROLOGIA METEOROLOGIA Y ESTUDIOS AMBIENTALES,Area Operativa 02 - Atlántico-Bolivar-Sucre,Bolivar,Calamar,15/07/1940 00:00,,CAUDAL,Q_MEDIA_M,Caudal medio mensual,Mensual,1999-11-01 00:00,13378,50,,900
29037020,CALAMAR [29037020],10.25386111,-74.91169444,8,Limnimétrica,INSTITUTO DE HIDROLOGIA METEOROLOGIA Y ESTUDIOS AMBIENTALES,Area Operativa 02 - Atlántico-Bolivar-Sucre,Bolivar,Calamar,15/07/1940 00:00,,CAUDAL,Q_MEDIA_M,Caudal medio mensual,Mensual,1999-12-01 00:00,13023,50,,900
29037020,CALAMAR [29037020],10.25386111,-74.91169444,8,Limnimétrica,INSTITUTO DE HIDROLOGIA METEOROLOGIA Y ESTUDIOS AMBIENTALES,Area Operativa 02 - Atlántico-Bolivar-Sucre,Bolivar,Calamar,15/07/1940 00:00,,CAUDAL,Q_MEDIA_M,Caudal medio mensual,Mensual,2000-01-01 00:00,10812,50,,900
29037020,CALAMAR [29037020],10.25386111,-74.91169444,8,Limnimétrica,INSTITUTO DE HIDROLOGIA METEOROLOGIA Y ESTUDIOS AMBIENTALES,Area Operativa 02 - Atlántico-Bolivar-Sucre,Bolivar,Calamar,15/07/1940 00:00,,CAUDAL,Q_MEDIA_M,Caudal medio mensual,Mensual,2000-02-01 00:00,6093,50,,900
29037020,CALAMAR [29037020],10.25386111,-74.91169444,8,Limnimétrica,INSTITUTO DE HIDROLOGIA METEOROLOGIA Y ESTUDIOS AMBIENTALES,Area Operativa 02 - Atlántico-Bolivar-Sucre,Bolivar,Calamar,15/07/1940 00:00,,CAUDAL,Q_MEDIA_M,Caudal medio mensual,Mensual,2000-03-01 00:00,5976,50,,900
29037020,CALAMAR [29037020],10.25386111,-74.91169444,8,Limnimétrica,INSTITUTO DE HIDROLOGIA METEOROLOGIA Y ESTUDIOS AMBIENTALES,Area Operativa 02 - Atlántico-Bolivar-Sucre,Bolivar,Calamar,15/07/1940 00:00,,CAUDAL,Q_MEDIA_M,Caudal medio mensual,Mensual,2000-04-01 00:00,5630,50,,900
29037020,CALAMAR [29037020],10.25386111,-74.91169444,8,Limnimétrica,INSTITUTO DE HIDROLOGIA METEOROLOGIA Y ESTUDIOS AMBIENTALES,Area Operativa 02 - Atlántico-Bolivar-Sucre,Bolivar,Calamar,15/07/1940 00:00,,CAUDAL,Q_MEDIA_M,Caudal medio mensual,Mensual,2000-05-01 00:00,6923,50,,900
29037020,CALAMAR [29037020],10.25386111,-74.91169444,8,Limnimétrica,INSTITUTO DE HIDROLOGIA METEOROLOGIA Y ESTUDIOS AMBIENTALES,Area Operativa 02 - Atlántico-Bolivar-Sucre,Bolivar,Calamar,15/07/1940 00:00,,CAUDAL,Q_MEDIA_M,Caudal medio mensual,Mensual,2000-06-01 00:00,8971,50,,900
29037020,CALAMAR [29037020],10.25386111,-74.91169444,8,Limnimétrica,INSTITUTO DE HIDROLOGIA METEOROLOGIA Y ESTUDIOS AMBIENTALES,Area Operativa 02 - Atlántico-Bolivar-Sucre,Bolivar,Calamar,15/07/1940 00:00,,CAUDAL,Q_MEDIA_M,Caudal medio mensual,Mensual,2000-07-01 00:00,9573,50,,900
29037020,CALAMAR [29037020],10.25386111,-74.91169444,8,Limnimétrica,INSTITUTO DE HIDROLOGIA METEOROLOGIA Y ESTUDIOS AMBIENTALES,Area Operativa 02 - Atlántico-Bolivar-Sucre,Bolivar,Calamar,15/07/1940 00:00,,CAUDAL,Q_MEDIA_M,Caudal medio mensual,Mensual,2000-08-01 00:00,8562,50,,900
29037020,CALAMAR [29037020],10.25386111,-74.91169444,8,Limnimétrica,INSTITUTO DE HIDROLOGIA METEOROLOGIA Y ESTUDIOS AMBIENTALES,Area Operativa 02 - Atlántico-Bolivar-Sucre,Bolivar,Calamar,15/07/1940 00:00,,CAUDAL,Q_MEDIA_M,Caudal medio mensual,Mensual,2000-09-01 00:00,8572,50,,900
29037020,CALAMAR [29037020],10.25386111,-74.91169444,8,Limnimétrica,INSTITUTO DE HIDROLOGIA METEOROLOGIA Y ESTUDIOS AMBIENTALES,Area Operativa 02 - Atlántico-Bolivar-Sucre,Bolivar,Calamar,15/07/1940 00:00,,CAUDAL,Q_MEDIA_M,Caudal medio mensual,Mensual,2000-10-01 00:00,10234,50,,900
29037020,CALAMAR [29037020],10.25386111,-74.91169444,8,Limnimétrica,INSTITUTO DE HIDROLOGIA METEOROLOGIA Y ESTUDIOS AMBIENTALES,Area Operativa 02 - Atlántico-Bolivar-Sucre,Bolivar,Calamar,15/07/1940 00:00,,CAUDAL,Q_MEDIA_M,Caudal medio mensual,Mensual,2000-11-01 00:00,10570,50,,900
29037020,CALAMAR [29037020],10.25386111,-74.91169444,8,Limnimétrica,INSTITUTO DE HIDROLOGIA METEOROLOGIA Y ESTUDIOS AMBIENTALES,Area Operativa 02 - Atlántico-Bolivar-Sucre,Bolivar,Calamar,15/07/1940 00:00,,CAUDAL,Q_MEDIA_M,Caudal medio mensual,Mensual,2000-12-01 00:00,9162,50,,900
29037020,CALAMAR [29037020],10.25386111,-74.91169444,8,Limnimétrica,INSTITUTO DE HIDROLOGIA METEOROLOGIA Y ESTUDIOS AMBIENTALES,Area Operativa 02 - Atlántico-Bolivar-Sucre,Bolivar,Calamar,15/07/1940 00:00,,CAUDAL,Q_MEDIA_M,Caudal medio mensual,Mensual,2001-01-01 00:00,5239,50,,900
29037020,CALAMAR [29037020],10.25386111,-74.91169444,8,Limnimétrica,INSTITUTO DE HIDROLOGIA METEOROLOGIA Y ESTUDIOS AMBIENTALES,Area Operativa 02 - Atlántico-Bolivar-Sucre,Bolivar,Calamar,15/07/1940 00:00,,CAUDAL,Q_MEDIA_M,Caudal medio mensual,Mensual,2001-02-01 00:00,2960,50,,900
29037020,CALAMAR [29037020],10.25386111,-74.91169444,8,Limnimétrica,INSTITUTO DE HIDROLOGIA METEOROLOGIA Y ESTUDIOS AMBIENTALES,Area Operativa 02 - Atlántico-Bolivar-Sucre,Bolivar,Calamar,15/07/1940 00:00,,CAUDAL,Q_MEDIA_M,Caudal medio mensual,Mensual,2001-03-01 00:00,3288,50,,900
29037020,CALAMAR [29037020],10.25386111,-74.91169444,8,Limnimétrica,INSTITUTO DE HIDROLOGIA METEOROLOGIA Y ESTUDIOS AMBIENTALES,Area Operativa 02 - Atlántico-Bolivar-Sucre,Bolivar,Calamar,15/07/1940 00:00,,CAUDAL,Q_MEDIA_M,Caudal medio mensual,Mensual,2001-04-01 00:00,3761,50,,900
29037020,CALAMAR [29037020],10.25386111,-74.91169444,8,Limnimétrica,INSTITUTO DE HIDROLOGIA METEOROLOGIA Y ESTUDIOS AMBIENTALES,Area Operativa 02 - Atlántico-Bolivar-Sucre,Bolivar,Calamar,15/07/1940 00:00,,CAUDAL,Q_MEDIA_M,Caudal medio mensual,Mensual,2001-05-01 00:00,4556,50,,900
29037020,CALAMAR [29037020],10.25386111,-74.91169444,8,Limnimétrica,INSTITUTO DE HIDROLOGIA METEOROLOGIA Y ESTUDIOS AMBIENTALES,Area Operativa 02 - Atlántico-Bolivar-Sucre,Bolivar,Calamar,15/07/1940 00:00,,CAUDAL,Q_MEDIA_M,Caudal medio mensual,Mensual,2001-06-01 00:00,5872,50,,900
29037020,CALAMAR [29037020],10.25386111,-74.91169444,8,Limnimétrica,INSTITUTO DE HIDROLOGIA METEOROLOGIA Y ESTUDIOS AMBIENTALES,Area Operativa 02 - Atlántico-Bolivar-Sucre,Bolivar,Calamar,15/07/1940 00:00,,CAUDAL,Q_MEDIA_M,Caudal medio mensual,Mensual,2001-07-01 00:00,4890,50,,900
29037020,CALAMAR [29037020],10.25386111,-74.91169444,8,Limnimétrica,INSTITUTO DE HIDROLOGIA METEOROLOGIA Y ESTUDIOS AMBIENTALES,Area Operativa 02 - Atlántico-Bolivar-Sucre,Bolivar,Calamar,15/07/1940 00:00,,CAUDAL,Q_MEDIA_M,Caudal medio mensual,Mensual,2001-08-01 00:00,4293,50,,900
29037020,CALAMAR [29037020],10.25386111,-74.91169444,8,Limnimétrica,INSTITUTO DE HIDROLOGIA METEOROLOGIA Y ESTUDIOS AMBIENTALES,Area Operativa 02 - Atlántico-Bolivar-Sucre,Bolivar,Calamar,15/07/1940 00:00,,CAUDAL,Q_MEDIA_M,Caudal medio mensual,Mensual,2001-09-01 00:00,4589,50,,900
29037020,CALAMAR [29037020],10.25386111,-74.91169444,8,Limnimétrica,INSTITUTO DE HIDROLOGIA METEOROLOGIA Y ESTUDIOS AMBIENTALES,Area Operativa 02 - Atlántico-Bolivar-Sucre,Bolivar,Calamar,15/07/1940 00:00,,CAUDAL,Q_MEDIA_M,Caudal medio mensual,Mensual,2001-10-01 00:00,6229,50,,900
29037020,CALAMAR [29037020],10.25386111,-74.91169444,8,Limnimétrica,INSTITUTO DE HIDROLOGIA METEOROLOGIA Y ESTUDIOS AMBIENTALES,Area Operativa 02 - Atlántico-Bolivar-Sucre,Bolivar,Calamar,15/07/1940 00:00,,CAUDAL,Q_MEDIA_M,Caudal medio mensual,Mensual,2001-11-01 00:00,7734,50,,900
29037020,CALAMAR [29037020],10.25386111,-74.91169444,8,Limnimétrica,INSTITUTO DE HIDROLOGIA METEOROLOGIA Y ESTUDIOS AMBIENTALES,Area Operativa 02 - Atlántico-Bolivar-Sucre,Bolivar,Calamar,15/07/1940 00:00,,CAUDAL,Q_MEDIA_M,Caudal medio mensual,Mensual,2001-12-01 00:00,8537,50,,900
29037020,CALAMAR [29037020],10.25386111,-74.91169444,8,Limnimétrica,INSTITUTO DE HIDROLOGIA METEOROLOGIA Y ESTUDIOS AMBIENTALES,Area Operativa 02 - Atlántico-Bolivar-Sucre,Bolivar,Calamar,15/07/1940 00:00,,CAUDAL,Q_MEDIA_M,Caudal medio mensual,Mensual,2002-01-01 00:00,6717,50,,900
29037020,CALAMAR [29037020],10.25386111,-74.91169444,8,Limnimétrica,INSTITUTO DE HIDROLOGIA METEOROLOGIA Y ESTUDIOS AMBIENTALES,Area Operativa 02 - Atlántico-Bolivar-Sucre,Bolivar,Calamar,15/07/1940 00:00,,CAUDAL,Q_MEDIA_M,Caudal medio mensual,Mensual,2002-02-01 00:00,3326,50,,900
29037020,CALAMAR [29037020],10.25386111,-74.91169444,8,Limnimétrica,INSTITUTO DE HIDROLOGIA METEOROLOGIA Y ESTUDIOS AMBIENTALES,Area Operativa 02 - Atlántico-Bolivar-Sucre,Bolivar,Calamar,15/07/1940 00:00,,CAUDAL,Q_MEDIA_M,Caudal medio mensual,Mensual,2002-03-01 00:00,2893,50,,900
29037020,CALAMAR [29037020],10.25386111,-74.91169444,8,Limnimétrica,INSTITUTO DE HIDROLOGIA METEOROLOGIA Y ESTUDIOS AMBIENTALES,Area Operativa 02 - Atlántico-Bolivar-Sucre,Bolivar,Calamar,15/07/1940 00:00,,CAUDAL,Q_MEDIA_M,Caudal medio mensual,Mensual,2002-04-01 00:00,4518,50,,900
29037020,CALAMAR [29037020],10.25386111,-74.91169444,8,Limnimétrica,INSTITUTO DE HIDROLOGIA METEOROLOGIA Y ESTUDIOS AMBIENTALES,Area Operativa 02 - Atlántico-Bolivar-Sucre,Bolivar,Calamar,15/07/1940 00:00,,CAUDAL,Q_MEDIA_M,Caudal medio mensual,Mensual,2002-05-01 00:00,5955,50,,900
29037020,CALAMAR [29037020],10.25386111,-74.91169444,8,Limnimétrica,INSTITUTO DE HIDROLOGIA METEOROLOGIA Y ESTUDIOS AMBIENTALES,Area Operativa 02 - Atlántico-Bolivar-Sucre,Bolivar,Calamar,15/07/1940 00:00,,CAUDAL,Q_MEDIA_M,Caudal medio mensual,Mensual,2002-06-01 00:00,7583,50,,900
29037020,CALAMAR [29037020],10.25386111,-74.91169444,8,Limnimétrica,INSTITUTO DE HIDROLOGIA METEOROLOGIA Y ESTUDIOS AMBIENTALES,Area Operativa 02 - Atlántico-Bolivar-Sucre,Bolivar,Calamar,15/07/1940 00:00,,CAUDAL,Q_MEDIA_M,Caudal medio mensual,Mensual,2002-07-01 00:00,6751,50,,900
29037020,CALAMAR [29037020],10.25386111,-74.91169444,8,Limnimétrica,INSTITUTO DE HIDROLOGIA METEOROLOGIA Y ESTUDIOS AMBIENTALES,Area Operativa 02 - Atlántico-Bolivar-Sucre,Bolivar,Calamar,15/07/1940 00:00,,CAUDAL,Q_MEDIA_M,Caudal medio mensual,Mensual,2002-08-01 00:00,4440,50,,900
29037020,CALAMAR [29037020],10.25386111,-74.91169444,8,Limnimétrica,INSTITUTO DE HIDROLOGIA METEOROLOGIA Y ESTUDIOS AMBIENTALES,Area Operativa 02 - Atlántico-Bolivar-Sucre,Bolivar,Calamar,15/07/1940 00:00,,CAUDAL,Q_MEDIA_M,Caudal medio mensual,Mensual,2002-09-01 00:00,4585,50,,900
29037020,CALAMAR [29037020],10.25386111,-74.91169444,8,Limnimétrica,INSTITUTO DE HIDROLOGIA METEOROLOGIA Y ESTUDIOS AMBIENTALES,Area Operativa 02 - Atlántico-Bolivar-Sucre,Bolivar,Calamar,15/07/1940 00:00,,CAUDAL,Q_MEDIA_M,Caudal medio mensual,Mensual,2002-10-01 00:00,5094,50,,900
29037020,CALAMAR [29037020],10.25386111,-74.91169444,8,Limnimétrica,INSTITUTO DE HIDROLOGIA METEOROLOGIA Y ESTUDIOS AMBIENTALES,Area Operativa 02 - Atlántico-Bolivar-Sucre,Bolivar,Calamar,15/07/1940 00:00,,CAUDAL,Q_MEDIA_M,Caudal medio mensual,Mensual,2002-11-01 00:00,7592,50,,900
29037020,CALAMAR [29037020],10.25386111,-74.91169444,8,Limnimétrica,INSTITUTO DE HIDROLOGIA METEOROLOGIA Y ESTUDIOS AMBIENTALES,Area Operativa 02 - Atlántico-Bolivar-Sucre,Bolivar,Calamar,15/07/1940 00:00,,CAUDAL,Q_MEDIA_M,Caudal medio mensual,Mensual,2002-12-01 00:00,6225,50,,900
29037020,CALAMAR [29037020],10.25386111,-74.91169444,8,Limnimétrica,INSTITUTO DE HIDROLOGIA METEOROLOGIA Y ESTUDIOS AMBIENTALES,Area Operativa 02 - Atlántico-Bolivar-Sucre,Bolivar,Calamar,15/07/1940 00:00,,CAUDAL,Q_MEDIA_M,Caudal medio mensual,Mensual,2003-01-01 00:00,3527,50,,900
29037020,CALAMAR [29037020],10.25386111,-74.91169444,8,Limnimétrica,INSTITUTO DE HIDROLOGIA METEOROLOGIA Y ESTUDIOS AMBIENTALES,Area Operativa 02 - Atlántico-Bolivar-Sucre,Bolivar,Calamar,15/07/1940 00:00,,CAUDAL,Q_MEDIA_M,Caudal medio mensual,Mensual,2003-02-01 00:00,2566,4,,900
29037020,CALAMAR [29037020],10.25386111,-74.91169444,8,Limnimétrica,INSTITUTO DE HIDROLOGIA METEOROLOGIA Y ESTUDIOS AMBIENTALES,Area Operativa 02 - Atlántico-Bolivar-Sucre,Bolivar,Calamar,15/07/1940 00:00,,CAUDAL,Q_MEDIA_M,Caudal medio mensual,Mensual,2003-03-01 00:00,2684,4,EST. OTROS METODOS,900
29037020,CALAMAR [29037020],10.25386111,-74.91169444,8,Limnimétrica,INSTITUTO DE HIDROLOGIA METEOROLOGIA Y ESTUDIOS AMBIENTALES,Area Operativa 02 - Atlántico-Bolivar-Sucre,Bolivar,Calamar,15/07/1940 00:00,,CAUDAL,Q_MEDIA_M,Caudal medio mensual,Mensual,2003-04-01 00:00,3815,50,,900
29037020,CALAMAR [29037020],10.25386111,-74.91169444,8,Limnimétrica,INSTITUTO DE HIDROLOGIA METEOROLOGIA Y ESTUDIOS AMBIENTALES,Area Operativa 02 - Atlántico-Bolivar-Sucre,Bolivar,Calamar,15/07/1940 00:00,,CAUDAL,Q_MEDIA_M,Caudal medio mensual,Mensual,2003-05-01 00:00,5959,50,,900
29037020,CALAMAR [29037020],10.25386111,-74.91169444,8,Limnimétrica,INSTITUTO DE HIDROLOGIA METEOROLOGIA Y ESTUDIOS AMBIENTALES,Area Operativa 02 - Atlántico-Bolivar-Sucre,Bolivar,Calamar,15/07/1940 00:00,,CAUDAL,Q_MEDIA_M,Caudal medio mensual,Mensual,2003-06-01 00:00,7152,50,,900
29037020,CALAMAR [29037020],10.25386111,-74.91169444,8,Limnimétrica,INSTITUTO DE HIDROLOGIA METEOROLOGIA Y ESTUDIOS AMBIENTALES,Area Operativa 02 - Atlántico-Bolivar-Sucre,Bolivar,Calamar,15/07/1940 00:00,,CAUDAL,Q_MEDIA_M,Caudal medio mensual,Mensual,2003-07-01 00:00,7712,50,,900
29037020,CALAMAR [29037020],10.25386111,-74.91169444,8,Limnimétrica,INSTITUTO DE HIDROLOGIA METEOROLOGIA Y ESTUDIOS AMBIENTALES,Area Operativa 02 - Atlántico-Bolivar-Sucre,Bolivar,Calamar,15/07/1940 00:00,,CAUDAL,Q_MEDIA_M,Caudal medio mensual,Mensual,2003-08-01 00:00,6910,50,,900
29037020,CALAMAR [29037020],10.25386111,-74.91169444,8,Limnimétrica,INSTITUTO DE HIDROLOGIA METEOROLOGIA Y ESTUDIOS AMBIENTALES,Area Operativa 02 - Atlántico-Bolivar-Sucre,Bolivar,Calamar,15/07/1940 00:00,,CAUDAL,Q_MEDIA_M,Caudal medio mensual,Mensual,2003-09-01 00:00,6140,50,,900
29037020,CALAMAR [29037020],10.25386111,-74.91169444,8,Limnimétrica,INSTITUTO DE HIDROLOGIA METEOROLOGIA Y ESTUDIOS AMBIENTALES,Area Operativa 02 - Atlántico-Bolivar-Sucre,Bolivar,Calamar,15/07/1940 00:00,,CAUDAL,Q_MEDIA_M,Caudal medio mensual,Mensual,2003-10-01 00:00,7897,50,,900
29037020,CALAMAR [29037020],10.25386111,-74.91169444,8,Limnimétrica,INSTITUTO DE HIDROLOGIA METEOROLOGIA Y ESTUDIOS AMBIENTALES,Area Operativa 02 - Atlántico-Bolivar-Sucre,Bolivar,Calamar,15/07/1940 00:00,,CAUDAL,Q_MEDIA_M,Caudal medio mensual,Mensual,2003-11-01 00:00,10016,50,,900
29037020,CALAMAR [29037020],10.25386111,-74.91169444,8,Limnimétrica,INSTITUTO DE HIDROLOGIA METEOROLOGIA Y ESTUDIOS AMBIENTALES,Area Operativa 02 - Atlántico-Bolivar-Sucre,Bolivar,Calamar,15/07/1940 00:00,,CAUDAL,Q_MEDIA_M,Caudal medio mensual,Mensual,2003-12-01 00:00,11146,50,,900
29037020,CALAMAR [29037020],10.25386111,-74.91169444,8,Limnimétrica,INSTITUTO DE HIDROLOGIA METEOROLOGIA Y ESTUDIOS AMBIENTALES,Area Operativa 02 - Atlántico-Bolivar-Sucre,Bolivar,Calamar,15/07/1940 00:00,,CAUDAL,Q_MEDIA_M,Caudal medio mensual,Mensual,2004-01-01 00:00,8355,50,,900
29037020,CALAMAR [29037020],10.25386111,-74.91169444,8,Limnimétrica,INSTITUTO DE HIDROLOGIA METEOROLOGIA Y ESTUDIOS AMBIENTALES,Area Operativa 02 - Atlántico-Bolivar-Sucre,Bolivar,Calamar,15/07/1940 00:00,,CAUDAL,Q_MEDIA_M,Caudal medio mensual,Mensual,2004-02-01 00:00,3724,50,,900
29037020,CALAMAR [29037020],10.25386111,-74.91169444,8,Limnimétrica,INSTITUTO DE HIDROLOGIA METEOROLOGIA Y ESTUDIOS AMBIENTALES,Area Operativa 02 - Atlántico-Bolivar-Sucre,Bolivar,Calamar,15/07/1940 00:00,,CAUDAL,Q_MEDIA_M,Caudal medio mensual,Mensual,2004-03-01 00:00,2916,50,,900
29037020,CALAMAR [29037020],10.25386111,-74.91169444,8,Limnimétrica,INSTITUTO DE HIDROLOGIA METEOROLOGIA Y ESTUDIOS AMBIENTALES,Area Operativa 02 - Atlántico-Bolivar-Sucre,Bolivar,Calamar,15/07/1940 00:00,,CAUDAL,Q_MEDIA_M,Caudal medio mensual,Mensual,2004-04-01 00:00,3609,50,,900
29037020,CALAMAR [29037020],10.25386111,-74.91169444,8,Limnimétrica,INSTITUTO DE HIDROLOGIA METEOROLOGIA Y ESTUDIOS AMBIENTALES,Area Operativa 02 - Atlántico-Bolivar-Sucre,Bolivar,Calamar,15/07/1940 00:00,,CAUDAL,Q_MEDIA_M,Caudal medio mensual,Mensual,2004-05-01 00:00,6011,50,,900
29037020,CALAMAR [29037020],10.25386111,-74.91169444,8,Limnimétrica,INSTITUTO DE HIDROLOGIA METEOROLOGIA Y ESTUDIOS AMBIENTALES,Area Operativa 02 - Atlántico-Bolivar-Sucre,Bolivar,Calamar,15/07/1940 00:00,,CAUDAL,Q_MEDIA_M,Caudal medio mensual,Mensual,2004-06-01 00:00,7558,50,,900
29037020,CALAMAR [29037020],10.25386111,-74.91169444,8,Limnimétrica,INSTITUTO DE HIDROLOGIA METEOROLOGIA Y ESTUDIOS AMBIENTALES,Area Operativa 02 - Atlántico-Bolivar-Sucre,Bolivar,Calamar,15/07/1940 00:00,,CAUDAL,Q_MEDIA_M,Caudal medio mensual,Mensual,2004-07-01 00:00,6195,50,,900
29037020,CALAMAR [29037020],10.25386111,-74.91169444,8,Limnimétrica,INSTITUTO DE HIDROLOGIA METEOROLOGIA Y ESTUDIOS AMBIENTALES,Area Operativa 02 - Atlántico-Bolivar-Sucre,Bolivar,Calamar,15/07/1940 00:00,,CAUDAL,Q_MEDIA_M,Caudal medio mensual,Mensual,2004-08-01 00:00,5941,50,,900
29037020,CALAMAR [29037020],10.25386111,-74.91169444,8,Limnimétrica,INSTITUTO DE HIDROLOGIA METEOROLOGIA Y ESTUDIOS AMBIENTALES,Area Operativa 02 - Atlántico-Bolivar-Sucre,Bolivar,Calamar,15/07/1940 00:00,,CAUDAL,Q_MEDIA_M,Caudal medio mensual,Mensual,2004-09-01 00:00,6271,50,,900
29037020,CALAMAR [29037020],10.25386111,-74.91169444,8,Limnimétrica,INSTITUTO DE HIDROLOGIA METEOROLOGIA Y ESTUDIOS AMBIENTALES,Area Operativa 02 - Atlántico-Bolivar-Sucre,Bolivar,Calamar,15/07/1940 00:00,,CAUDAL,Q_MEDIA_M,Caudal medio mensual,Mensual,2004-10-01 00:00,8047,50,,900
29037020,CALAMAR [29037020],10.25386111,-74.91169444,8,Limnimétrica,INSTITUTO DE HIDROLOGIA METEOROLOGIA Y ESTUDIOS AMBIENTALES,Area Operativa 02 - Atlántico-Bolivar-Sucre,Bolivar,Calamar,15/07/1940 00:00,,CAUDAL,Q_MEDIA_M,Caudal medio mensual,Mensual,2004-11-01 00:00,10161,50,,900
29037020,CALAMAR [29037020],10.25386111,-74.91169444,8,Limnimétrica,INSTITUTO DE HIDROLOGIA METEOROLOGIA Y ESTUDIOS AMBIENTALES,Area Operativa 02 - Atlántico-Bolivar-Sucre,Bolivar,Calamar,15/07/1940 00:00,,CAUDAL,Q_MEDIA_M,Caudal medio mensual,Mensual,2004-12-01 00:00,11106,50,,900
29037020,CALAMAR [29037020],10.25386111,-74.91169444,8,Limnimétrica,INSTITUTO DE HIDROLOGIA METEOROLOGIA Y ESTUDIOS AMBIENTALES,Area Operativa 02 - Atlántico-Bolivar-Sucre,Bolivar,Calamar,15/07/1940 00:00,,CAUDAL,Q_MEDIA_M,Caudal medio mensual,Mensual,2005-01-01 00:00,7079,50,,900
29037020,CALAMAR [29037020],10.25386111,-74.91169444,8,Limnimétrica,INSTITUTO DE HIDROLOGIA METEOROLOGIA Y ESTUDIOS AMBIENTALES,Area Operativa 02 - Atlántico-Bolivar-Sucre,Bolivar,Calamar,15/07/1940 00:00,,CAUDAL,Q_MEDIA_M,Caudal medio mensual,Mensual,2005-02-01 00:00,4568,50,,900
29037020,CALAMAR [29037020],10.25386111,-74.91169444,8,Limnimétrica,INSTITUTO DE HIDROLOGIA METEOROLOGIA Y ESTUDIOS AMBIENTALES,Area Operativa 02 - Atlántico-Bolivar-Sucre,Bolivar,Calamar,15/07/1940 00:00,,CAUDAL,Q_MEDIA_M,Caudal medio mensual,Mensual,2005-03-01 00:00,3838,50,,900
29037020,CALAMAR [29037020],10.25386111,-74.91169444,8,Limnimétrica,INSTITUTO DE HIDROLOGIA METEOROLOGIA Y ESTUDIOS AMBIENTALES,Area Operativa 02 - Atlántico-Bolivar-Sucre,Bolivar,Calamar,15/07/1940 00:00,,CAUDAL,Q_MEDIA_M,Caudal medio mensual,Mensual,2005-04-01 00:00,4448,50,,900
29037020,CALAMAR [29037020],10.25386111,-74.91169444,8,Limnimétrica,INSTITUTO DE HIDROLOGIA METEOROLOGIA Y ESTUDIOS AMBIENTALES,Area Operativa 02 - Atlántico-Bolivar-Sucre,Bolivar,Calamar,15/07/1940 00:00,,CAUDAL,Q_MEDIA_M,Caudal medio mensual,Mensual,2005-05-01 00:00,6630,50,,900
29037020,CALAMAR [29037020],10.25386111,-74.91169444,8,Limnimétrica,INSTITUTO DE HIDROLOGIA METEOROLOGIA Y ESTUDIOS AMBIENTALES,Area Operativa 02 - Atlántico-Bolivar-Sucre,Bolivar,Calamar,15/07/1940 00:00,,CAUDAL,Q_MEDIA_M,Caudal medio mensual,Mensual,2005-06-01 00:00,8434,50,,900
29037020,CALAMAR [29037020],10.25386111,-74.91169444,8,Limnimétrica,INSTITUTO DE HIDROLOGIA METEOROLOGIA Y ESTUDIOS AMBIENTALES,Area Operativa 02 - Atlántico-Bolivar-Sucre,Bolivar,Calamar,15/07/1940 00:00,,CAUDAL,Q_MEDIA_M,Caudal medio mensual,Mensual,2005-07-01 00:00,8273,50,,900
29037020,CALAMAR [29037020],10.25386111,-74.91169444,8,Limnimétrica,INSTITUTO DE HIDROLOGIA METEOROLOGIA Y ESTUDIOS AMBIENTALES,Area Operativa 02 - Atlántico-Bolivar-Sucre,Bolivar,Calamar,15/07/1940 00:00,,CAUDAL,Q_MEDIA_M,Caudal medio mensual,Mensual,2005-08-01 00:00,6664,50,,900
29037020,CALAMAR [29037020],10.25386111,-74.91169444,8,Limnimétrica,INSTITUTO DE HIDROLOGIA METEOROLOGIA Y ESTUDIOS AMBIENTALES,Area Operativa 02 - Atlántico-Bolivar-Sucre,Bolivar,Calamar,15/07/1940 00:00,,CAUDAL,Q_MEDIA_M,Caudal medio mensual,Mensual,2005-09-01 00:00,6318,50,,900
29037020,CALAMAR [29037020],10.25386111,-74.91169444,8,Limnimétrica,INSTITUTO DE HIDROLOGIA METEOROLOGIA Y ESTUDIOS AMBIENTALES,Area Operativa 02 - Atlántico-Bolivar-Sucre,Bolivar,Calamar,15/07/1940 00:00,,CAUDAL,Q_MEDIA_M,Caudal medio mensual,Mensual,2005-10-01 00:00,7510,50,,900
29037020,CALAMAR [29037020],10.25386111,-74.91169444,8,Limnimétrica,INSTITUTO DE HIDROLOGIA METEOROLOGIA Y ESTUDIOS AMBIENTALES,Area Operativa 02 - Atlántico-Bolivar-Sucre,Bolivar,Calamar,15/07/1940 00:00,,CAUDAL,Q_MEDIA_M,Caudal medio mensual,Mensual,2005-11-01 00:00,10060,50,,900
29037020,CALAMAR [29037020],10.25386111,-74.91169444,8,Limnimétrica,INSTITUTO DE HIDROLOGIA METEOROLOGIA Y ESTUDIOS AMBIENTALES,Area Operativa 02 - Atlántico-Bolivar-Sucre,Bolivar,Calamar,15/07/1940 00:00,,CAUDAL,Q_MEDIA_M,Caudal medio mensual,Mensual,2005-12-01 00:00,12700,50,,900
29037020,CALAMAR [29037020],10.25386111,-74.91169444,8,Limnimétrica,INSTITUTO DE HIDROLOGIA METEOROLOGIA Y ESTUDIOS AMBIENTALES,Area Operativa 02 - Atlántico-Bolivar-Sucre,Bolivar,Calamar,15/07/1940 00:00,,CAUDAL,Q_MEDIA_M,Caudal medio mensual,Mensual,2006-01-01 00:00,9204,50,,900
29037020,CALAMAR [29037020],10.25386111,-74.91169444,8,Limnimétrica,INSTITUTO DE HIDROLOGIA METEOROLOGIA Y ESTUDIOS AMBIENTALES,Area Operativa 02 - Atlántico-Bolivar-Sucre,Bolivar,Calamar,15/07/1940 00:00,,CAUDAL,Q_MEDIA_M,Caudal medio mensual,Mensual,2006-02-01 00:00,5532,50,,900
29037020,CALAMAR [29037020],10.25386111,-74.91169444,8,Limnimétrica,INSTITUTO DE HIDROLOGIA METEOROLOGIA Y ESTUDIOS AMBIENTALES,Area Operativa 02 - Atlántico-Bolivar-Sucre,Bolivar,Calamar,15/07/1940 00:00,,CAUDAL,Q_MEDIA_M,Caudal medio mensual,Mensual,2006-03-01 00:00,4329,50,,900
29037020,CALAMAR [29037020],10.25386111,-74.91169444,8,Limnimétrica,INSTITUTO DE HIDROLOGIA METEOROLOGIA Y ESTUDIOS AMBIENTALES,Area Operativa 02 - Atlántico-Bolivar-Sucre,Bolivar,Calamar,15/07/1940 00:00,,CAUDAL,Q_MEDIA_M,Caudal medio mensual,Mensual,2006-04-01 00:00,6292,50,,900
29037020,CALAMAR [29037020],10.25386111,-74.91169444,8,Limnimétrica,INSTITUTO DE HIDROLOGIA METEOROLOGIA Y ESTUDIOS AMBIENTALES,Area Operativa 02 - Atlántico-Bolivar-Sucre,Bolivar,Calamar,15/07/1940 00:00,,CAUDAL,Q_MEDIA_M,Caudal medio mensual,Mensual,2006-05-01 00:00,8757,50,,900
29037020,CALAMAR [29037020],10.25386111,-74.91169444,8,Limnimétrica,INSTITUTO DE HIDROLOGIA METEOROLOGIA Y ESTUDIOS AMBIENTALES,Area Operativa 02 - Atlántico-Bolivar-Sucre,Bolivar,Calamar,15/07/1940 00:00,,CAUDAL,Q_MEDIA_M,Caudal medio mensual,Mensual,2006-06-01 00:00,11047,50,,900
29037020,CALAMAR [29037020],10.25386111,-74.91169444,8,Limnimétrica,INSTITUTO DE HIDROLOGIA METEOROLOGIA Y ESTUDIOS AMBIENTALES,Area Operativa 02 - Atlántico-Bolivar-Sucre,Bolivar,Calamar,15/07/1940 00:00,,CAUDAL,Q_MEDIA_M,Caudal medio mensual,Mensual,2006-07-01 00:00,10159,50,,900
29037020,CALAMAR [29037020],10.25386111,-74.91169444,8,Limnimétrica,INSTITUTO DE HIDROLOGIA METEOROLOGIA Y ESTUDIOS AMBIENTALES,Area Operativa 02 - Atlántico-Bolivar-Sucre,Bolivar,Calamar,15/07/1940 00:00,,CAUDAL,Q_MEDIA_M,Caudal medio mensual,Mensual,2006-08-01 00:00,6984,50,,900
29037020,CALAMAR [29037020],10.25386111,-74.91169444,8,Limnimétrica,INSTITUTO DE HIDROLOGIA METEOROLOGIA Y ESTUDIOS AMBIENTALES,Area Operativa 02 - Atlántico-Bolivar-Sucre,Bolivar,Calamar,15/07/1940 00:00,,CAUDAL,Q_MEDIA_M,Caudal medio mensual,Mensual,2006-09-01 00:00,7058,50,,900
29037020,CALAMAR [29037020],10.25386111,-74.91169444,8,Limnimétrica,INSTITUTO DE HIDROLOGIA METEOROLOGIA Y ESTUDIOS AMBIENTALES,Area Operativa 02 - Atlántico-Bolivar-Sucre,Bolivar,Calamar,15/07/1940 00:00,,CAUDAL,Q_MEDIA_M,Caudal medio mensual,Mensual,2006-10-01 00:00,7218,50,,900
29037020,CALAMAR [29037020],10.25386111,-74.91169444,8,Limnimétrica,INSTITUTO DE HIDROLOGIA METEOROLOGIA Y ESTUDIOS AMBIENTALES,Area Operativa 02 - Atlántico-Bolivar-Sucre,Bolivar,Calamar,15/07/1940 00:00,,CAUDAL,Q_MEDIA_M,Caudal medio mensual,Mensual,2006-11-01 00:00,9114,50,,900
29037020,CALAMAR [29037020],10.25386111,-74.91169444,8,Limnimétrica,INSTITUTO DE HIDROLOGIA METEOROLOGIA Y ESTUDIOS AMBIENTALES,Area Operativa 02 - Atlántico-Bolivar-Sucre,Bolivar,Calamar,15/07/1940 00:00,,CAUDAL,Q_MEDIA_M,Caudal medio mensual,Mensual,2006-12-01 00:00,10575,50,,900
29037020,CALAMAR [29037020],10.25386111,-74.91169444,8,Limnimétrica,INSTITUTO DE HIDROLOGIA METEOROLOGIA Y ESTUDIOS AMBIENTALES,Area Operativa 02 - Atlántico-Bolivar-Sucre,Bolivar,Calamar,15/07/1940 00:00,,CAUDAL,Q_MEDIA_M,Caudal medio mensual,Mensual,2007-01-01 00:00,7909,50,,900
29037020,CALAMAR [29037020],10.25386111,-74.91169444,8,Limnimétrica,INSTITUTO DE HIDROLOGIA METEOROLOGIA Y ESTUDIOS AMBIENTALES,Area Operativa 02 - Atlántico-Bolivar-Sucre,Bolivar,Calamar,15/07/1940 00:00,,CAUDAL,Q_MEDIA_M,Caudal medio mensual,Mensual,2007-02-01 00:00,3754,50,,900
29037020,CALAMAR [29037020],10.25386111,-74.91169444,8,Limnimétrica,INSTITUTO DE HIDROLOGIA METEOROLOGIA Y ESTUDIOS AMBIENTALES,Area Operativa 02 - Atlántico-Bolivar-Sucre,Bolivar,Calamar,15/07/1940 00:00,,CAUDAL,Q_MEDIA_M,Caudal medio mensual,Mensual,2007-03-01 00:00,2916,50,,900
29037020,CALAMAR [29037020],10.25386111,-74.91169444,8,Limnimétrica,INSTITUTO DE HIDROLOGIA METEOROLOGIA Y ESTUDIOS AMBIENTALES,Area Operativa 02 - Atlántico-Bolivar-Sucre,Bolivar,Calamar,15/07/1940 00:00,,CAUDAL,Q_MEDIA_M,Caudal medio mensual,Mensual,2007-04-01 00:00,5658,50,,900
29037020,CALAMAR [29037020],10.25386111,-74.91169444,8,Limnimétrica,INSTITUTO DE HIDROLOGIA METEOROLOGIA Y ESTUDIOS AMBIENTALES,Area Operativa 02 - Atlántico-Bolivar-Sucre,Bolivar,Calamar,15/07/1940 00:00,,CAUDAL,Q_MEDIA_M,Caudal medio mensual,Mensual,2007-05-01 00:00,8442,50,,900
29037020,CALAMAR [29037020],10.25386111,-74.91169444,8,Limnimétrica,INSTITUTO DE HIDROLOGIA METEOROLOGIA Y ESTUDIOS AMBIENTALES,Area Operativa 02 - Atlántico-Bolivar-Sucre,Bolivar,Calamar,15/07/1940 00:00,,CAUDAL,Q_MEDIA_M,Caudal medio mensual,Mensual,2007-06-01 00:00,11263,50,,900
29037020,CALAMAR [29037020],10.25386111,-74.91169444,8,Limnimétrica,INSTITUTO DE HIDROLOGIA METEOROLOGIA Y ESTUDIOS AMBIENTALES,Area Operativa 02 - Atlántico-Bolivar-Sucre,Bolivar,Calamar,15/07/1940 00:00,,CAUDAL,Q_MEDIA_M,Caudal medio mensual,Mensual,2007-07-01 00:00,11100,50,,900
29037020,CALAMAR [29037020],10.25386111,-74.91169444,8,Limnimétrica,INSTITUTO DE HIDROLOGIA METEOROLOGIA Y ESTUDIOS AMBIENTALES,Area Operativa 02 - Atlántico-Bolivar-Sucre,Bolivar,Calamar,15/07/1940 00:00,,CAUDAL,Q_MEDIA_M,Caudal medio mensual,Mensual,2007-08-01 00:00,9304,50,,900
29037020,CALAMAR [29037020],10.25386111,-74.91169444,8,Limnimétrica,INSTITUTO DE HIDROLOGIA METEOROLOGIA Y ESTUDIOS AMBIENTALES,Area Operativa 02 - Atlántico-Bolivar-Sucre,Bolivar,Calamar,15/07/1940 00:00,,CAUDAL,Q_MEDIA_M,Caudal medio mensual,Mensual,2007-09-01 00:00,10419,50,,900
29037020,CALAMAR [29037020],10.25386111,-74.91169444,8,Limnimétrica,INSTITUTO DE HIDROLOGIA METEOROLOGIA Y ESTUDIOS AMBIENTALES,Area Operativa 02 - Atlántico-Bolivar-Sucre,Bolivar,Calamar,15/07/1940 00:00,,CAUDAL,Q_MEDIA_M,Caudal medio mensual,Mensual,2007-10-01 00:00,10444,50,,900
29037020,CALAMAR [29037020],10.25386111,-74.91169444,8,Limnimétrica,INSTITUTO DE HIDROLOGIA METEOROLOGIA Y ESTUDIOS AMBIENTALES,Area Operativa 02 - Atlántico-Bolivar-Sucre,Bolivar,Calamar,15/07/1940 00:00,,CAUDAL,Q_MEDIA_M,Caudal medio mensual,Mensual,2007-11-01 00:00,13131,4,EST. OTROS METODOS,900
29037020,CALAMAR [29037020],10.25386111,-74.91169444,8,Limnimétrica,INSTITUTO DE HIDROLOGIA METEOROLOGIA Y ESTUDIOS AMBIENTALES,Area Operativa 02 - Atlántico-Bolivar-Sucre,Bolivar,Calamar,15/07/1940 00:00,,CAUDAL,Q_MEDIA_M,Caudal medio mensual,Mensual,2007-12-01 00:00,12511,50,,900
29037020,CALAMAR [29037020],10.25386111,-74.91169444,8,Limnimétrica,INSTITUTO DE HIDROLOGIA METEOROLOGIA Y ESTUDIOS AMBIENTALES,Area Operativa 02 - Atlántico-Bolivar-Sucre,Bolivar,Calamar,15/07/1940 00:00,,CAUDAL,Q_MEDIA_M,Caudal medio mensual,Mensual,2008-01-01 00:00,8936,50,,900
29037020,CALAMAR [29037020],10.25386111,-74.91169444,8,Limnimétrica,INSTITUTO DE HIDROLOGIA METEOROLOGIA Y ESTUDIOS AMBIENTALES,Area Operativa 02 - Atlántico-Bolivar-Sucre,Bolivar,Calamar,15/07/1940 00:00,,CAUDAL,Q_MEDIA_M,Caudal medio mensual,Mensual,2008-02-01 00:00,5442,50,,900
29037020,CALAMAR [29037020],10.25386111,-74.91169444,8,Limnimétrica,INSTITUTO DE HIDROLOGIA METEOROLOGIA Y ESTUDIOS AMBIENTALES,Area Operativa 02 - Atlántico-Bolivar-Sucre,Bolivar,Calamar,15/07/1940 00:00,,CAUDAL,Q_MEDIA_M,Caudal medio mensual,Mensual,2008-03-01 00:00,5420,50,,900
29037020,CALAMAR [29037020],10.25386111,-74.91169444,8,Limnimétrica,INSTITUTO DE HIDROLOGIA METEOROLOGIA Y ESTUDIOS AMBIENTALES,Area Operativa 02 - Atlántico-Bolivar-Sucre,Bolivar,Calamar,15/07/1940 00:00,,CAUDAL,Q_MEDIA_M,Caudal medio mensual,Mensual,2008-04-01 00:00,5673,50,,900
29037020,CALAMAR [29037020],10.25386111,-74.91169444,8,Limnimétrica,INSTITUTO DE HIDROLOGIA METEOROLOGIA Y ESTUDIOS AMBIENTALES,Area Operativa 02 - Atlántico-Bolivar-Sucre,Bolivar,Calamar,15/07/1940 00:00,,CAUDAL,Q_MEDIA_M,Caudal medio mensual,Mensual,2008-05-01 00:00,7711,50,,900
29037020,CALAMAR [29037020],10.25386111,-74.91169444,8,Limnimétrica,INSTITUTO DE HIDROLOGIA METEOROLOGIA Y ESTUDIOS AMBIENTALES,Area Operativa 02 - Atlántico-Bolivar-Sucre,Bolivar,Calamar,15/07/1940 00:00,,CAUDAL,Q_MEDIA_M,Caudal medio mensual,Mensual,2008-06-01 00:00,9974,50,,900
29037020,CALAMAR [29037020],10.25386111,-74.91169444,8,Limnimétrica,INSTITUTO DE HIDROLOGIA METEOROLOGIA Y ESTUDIOS AMBIENTALES,Area Operativa 02 - Atlántico-Bolivar-Sucre,Bolivar,Calamar,15/07/1940 00:00,,CAUDAL,Q_MEDIA_M,Caudal medio mensual,Mensual,2008-07-01 00:00,11525,50,,900
29037020,CALAMAR [29037020],10.25386111,-74.91169444,8,Limnimétrica,INSTITUTO DE HIDROLOGIA METEOROLOGIA Y ESTUDIOS AMBIENTALES,Area Operativa 02 - Atlántico-Bolivar-Sucre,Bolivar,Calamar,15/07/1940 00:00,,CAUDAL,Q_MEDIA_M,Caudal medio mensual,Mensual,2008-08-01 00:00,11936,50,,900
29037020,CALAMAR [29037020],10.25386111,-74.91169444,8,Limnimétrica,INSTITUTO DE HIDROLOGIA METEOROLOGIA Y ESTUDIOS AMBIENTALES,Area Operativa 02 - Atlántico-Bolivar-Sucre,Bolivar,Calamar,15/07/1940 00:00,,CAUDAL,Q_MEDIA_M,Caudal medio mensual,Mensual,2008-09-01 00:00,12125,50,,900
29037020,CALAMAR [29037020],10.25386111,-74.91169444,8,Limnimétrica,INSTITUTO DE HIDROLOGIA METEOROLOGIA Y ESTUDIOS AMBIENTALES,Area Operativa 02 - Atlántico-Bolivar-Sucre,Bolivar,Calamar,15/07/1940 00:00,,CAUDAL,Q_MEDIA_M,Caudal medio mensual,Mensual,2008-10-01 00:00,12038,50,,900
29037020,CALAMAR [29037020],10.25386111,-74.91169444,8,Limnimétrica,INSTITUTO DE HIDROLOGIA METEOROLOGIA Y ESTUDIOS AMBIENTALES,Area Operativa 02 - Atlántico-Bolivar-Sucre,Bolivar,Calamar,15/07/1940 00:00,,CAUDAL,Q_MEDIA_M,Caudal medio mensual,Mensual,2008-11-01 00:00,13323,50,,900
29037020,CALAMAR [29037020],10.25386111,-74.91169444,8,Limnimétrica,INSTITUTO DE HIDROLOGIA METEOROLOGIA Y ESTUDIOS AMBIENTALES,Area Operativa 02 - Atlántico-Bolivar-Sucre,Bolivar,Calamar,15/07/1940 00:00,,CAUDAL,Q_MEDIA_M,Caudal medio mensual,Mensual,2008-12-01 00:00,14438,4,EST. OTROS METODOS,900
29037020,CALAMAR [29037020],10.25386111,-74.91169444,8,Limnimétrica,INSTITUTO DE HIDROLOGIA METEOROLOGIA Y ESTUDIOS AMBIENTALES,Area Operativa 02 - Atlántico-Bolivar-Sucre,Bolivar,Calamar,15/07/1940 00:00,,CAUDAL,Q_MEDIA_M,Caudal medio mensual,Mensual,2009-01-01 00:00,10257,50,,900
29037020,CALAMAR [29037020],10.25386111,-74.91169444,8,Limnimétrica,INSTITUTO DE HIDROLOGIA METEOROLOGIA Y ESTUDIOS AMBIENTALES,Area Operativa 02 - Atlántico-Bolivar-Sucre,Bolivar,Calamar,15/07/1940 00:00,,CAUDAL,Q_MEDIA_M,Caudal medio mensual,Mensual,2009-02-01 00:00,6777,50,,900
29037020,CALAMAR [29037020],10.25386111,-74.91169444,8,Limnimétrica,INSTITUTO DE HIDROLOGIA METEOROLOGIA Y ESTUDIOS AMBIENTALES,Area Operativa 02 - Atlántico-Bolivar-Sucre,Bolivar,Calamar,15/07/1940 00:00,,CAUDAL,Q_MEDIA_M,Caudal medio mensual,Mensual,2009-03-01 00:00,5643,50,,900
29037020,CALAMAR [29037020],10.25386111,-74.91169444,8,Limnimétrica,INSTITUTO DE HIDROLOGIA METEOROLOGIA Y ESTUDIOS AMBIENTALES,Area Operativa 02 - Atlántico-Bolivar-Sucre,Bolivar,Calamar,15/07/1940 00:00,,CAUDAL,Q_MEDIA_M,Caudal medio mensual,Mensual,2009-04-01 00:00,6948,50,,900
29037020,CALAMAR [29037020],10.25386111,-74.91169444,8,Limnimétrica,INSTITUTO DE HIDROLOGIA METEOROLOGIA Y ESTUDIOS AMBIENTALES,Area Operativa 02 - Atlántico-Bolivar-Sucre,Bolivar,Calamar,15/07/1940 00:00,,CAUDAL,Q_MEDIA_M,Caudal medio mensual,Mensual,2009-05-01 00:00,7850,50,,900
29037020,CALAMAR [29037020],10.25386111,-74.91169444,8,Limnimétrica,INSTITUTO DE HIDROLOGIA METEOROLOGIA Y ESTUDIOS AMBIENTALES,Area Operativa 02 - Atlántico-Bolivar-Sucre,Bolivar,Calamar,15/07/1940 00:00,,CAUDAL,Q_MEDIA_M,Caudal medio mensual,Mensual,2009-06-01 00:00,7787,50,,900
29037020,CALAMAR [29037020],10.25386111,-74.91169444,8,Limnimétrica,INSTITUTO DE HIDROLOGIA METEOROLOGIA Y ESTUDIOS AMBIENTALES,Area Operativa 02 - Atlántico-Bolivar-Sucre,Bolivar,Calamar,15/07/1940 00:00,,CAUDAL,Q_MEDIA_M,Caudal medio mensual,Mensual,2009-07-01 00:00,7401,50,,900
29037020,CALAMAR [29037020],10.25386111,-74.91169444,8,Limnimétrica,INSTITUTO DE HIDROLOGIA METEOROLOGIA Y ESTUDIOS AMBIENTALES,Area Operativa 02 - Atlántico-Bolivar-Sucre,Bolivar,Calamar,15/07/1940 00:00,,CAUDAL,Q_MEDIA_M,Caudal medio mensual,Mensual,2009-08-01 00:00,6035,50,,900
29037020,CALAMAR [29037020],10.25386111,-74.91169444,8,Limnimétrica,INSTITUTO DE HIDROLOGIA METEOROLOGIA Y ESTUDIOS AMBIENTALES,Area Operativa 02 - Atlántico-Bolivar-Sucre,Bolivar,Calamar,15/07/1940 00:00,,CAUDAL,Q_MEDIA_M,Caudal medio mensual,Mensual,2009-09-01 00:00,6082,50,,900
29037020,CALAMAR [29037020],10.25386111,-74.91169444,8,Limnimétrica,INSTITUTO DE HIDROLOGIA METEOROLOGIA Y ESTUDIOS AMBIENTALES,Area Operativa 02 - Atlántico-Bolivar-Sucre,Bolivar,Calamar,15/07/1940 00:00,,CAUDAL,Q_MEDIA_M,Caudal medio mensual,Mensual,2009-10-01 00:00,5289,50,,900
29037020,CALAMAR [29037020],10.25386111,-74.91169444,8,Limnimétrica,INSTITUTO DE HIDROLOGIA METEOROLOGIA Y ESTUDIOS AMBIENTALES,Area Operativa 02 - Atlántico-Bolivar-Sucre,Bolivar,Calamar,15/07/1940 00:00,,CAUDAL,Q_MEDIA_M,Caudal medio mensual,Mensual,2009-11-01 00:00,7123,50,,900
29037020,CALAMAR [29037020],10.25386111,-74.91169444,8,Limnimétrica,INSTITUTO DE HIDROLOGIA METEOROLOGIA Y ESTUDIOS AMBIENTALES,Area Operativa 02 - Atlántico-Bolivar-Sucre,Bolivar,Calamar,15/07/1940 00:00,,CAUDAL,Q_MEDIA_M,Caudal medio mensual,Mensual,2009-12-01 00:00,6163,50,,900
29037020,CALAMAR [29037020],10.25386111,-74.91169444,8,Limnimétrica,INSTITUTO DE HIDROLOGIA METEOROLOGIA Y ESTUDIOS AMBIENTALES,Area Operativa 02 - Atlántico-Bolivar-Sucre,Bolivar,Calamar,15/07/1940 00:00,,CAUDAL,Q_MEDIA_M,Caudal medio mensual,Mensual,2010-01-01 00:00,3447,50,,900
29037020,CALAMAR [29037020],10.25386111,-74.91169444,8,Limnimétrica,INSTITUTO DE HIDROLOGIA METEOROLOGIA Y ESTUDIOS AMBIENTALES,Area Operativa 02 - Atlántico-Bolivar-Sucre,Bolivar,Calamar,15/07/1940 00:00,,CAUDAL,Q_MEDIA_M,Caudal medio mensual,Mensual,2010-02-01 00:00,2579,50,,900
29037020,CALAMAR [29037020],10.25386111,-74.91169444,8,Limnimétrica,INSTITUTO DE HIDROLOGIA METEOROLOGIA Y ESTUDIOS AMBIENTALES,Area Operativa 02 - Atlántico-Bolivar-Sucre,Bolivar,Calamar,15/07/1940 00:00,,CAUDAL,Q_MEDIA_M,Caudal medio mensual,Mensual,2010-03-01 00:00,3222,50,,900
29037020,CALAMAR [29037020],10.25386111,-74.91169444,8,Limnimétrica,INSTITUTO DE HIDROLOGIA METEOROLOGIA Y ESTUDIOS AMBIENTALES,Area Operativa 02 - Atlántico-Bolivar-Sucre,Bolivar,Calamar,15/07/1940 00:00,,CAUDAL,Q_MEDIA_M,Caudal medio mensual,Mensual,2010-04-01 00:00,4545,50,,900
29037020,CALAMAR [29037020],10.25386111,-74.91169444,8,Limnimétrica,INSTITUTO DE HIDROLOGIA METEOROLOGIA Y ESTUDIOS AMBIENTALES,Area Operativa 02 - Atlántico-Bolivar-Sucre,Bolivar,Calamar,15/07/1940 00:00,,CAUDAL,Q_MEDIA_M,Caudal medio mensual,Mensual,2010-05-01 00:00,7182,50,,900
29037020,CALAMAR [29037020],10.25386111,-74.91169444,8,Limnimétrica,INSTITUTO DE HIDROLOGIA METEOROLOGIA Y ESTUDIOS AMBIENTALES,Area Operativa 02 - Atlántico-Bolivar-Sucre,Bolivar,Calamar,15/07/1940 00:00,,CAUDAL,Q_MEDIA_M,Caudal medio mensual,Mensual,2010-06-01 00:00,9275,50,,900
29037020,CALAMAR [29037020],10.25386111,-74.91169444,8,Limnimétrica,INSTITUTO DE HIDROLOGIA METEOROLOGIA Y ESTUDIOS AMBIENTALES,Area Operativa 02 - Atlántico-Bolivar-Sucre,Bolivar,Calamar,15/07/1940 00:00,,CAUDAL,Q_MEDIA_M,Caudal medio mensual,Mensual,2010-07-01 00:00,10972,50,,900
29037020,CALAMAR [29037020],10.25386111,-74.91169444,8,Limnimétrica,INSTITUTO DE HIDROLOGIA METEOROLOGIA Y ESTUDIOS AMBIENTALES,Area Operativa 02 - Atlántico-Bolivar-Sucre,Bolivar,Calamar,15/07/1940 00:00,,CAUDAL,Q_MEDIA_M,Caudal medio mensual,Mensual,2010-08-01 00:00,12741,50,,900
29037020,CALAMAR [29037020],10.25386111,-74.91169444,8,Limnimétrica,INSTITUTO DE HIDROLOGIA METEOROLOGIA Y ESTUDIOS AMBIENTALES,Area Operativa 02 - Atlántico-Bolivar-Sucre,Bolivar,Calamar,15/07/1940 00:00,,CAUDAL,Q_MEDIA_M,Caudal medio mensual,Mensual,2010-09-01 00:00,12839,50,,900
29037020,CALAMAR [29037020],10.25386111,-74.91169444,8,Limnimétrica,INSTITUTO DE HIDROLOGIA METEOROLOGIA Y ESTUDIOS AMBIENTALES,Area Operativa 02 - Atlántico-Bolivar-Sucre,Bolivar,Calamar,15/07/1940 00:00,,CAUDAL,Q_MEDIA_M,Caudal medio mensual,Mensual,2010-10-01 00:00,13685,4,EST. OTROS METODOS,900
29037020,CALAMAR [29037020],10.25386111,-74.91169444,8,Limnimétrica,INSTITUTO DE HIDROLOGIA METEOROLOGIA Y ESTUDIOS AMBIENTALES,Area Operativa 02 - Atlántico-Bolivar-Sucre,Bolivar,Calamar,15/07/1940 00:00,,CAUDAL,Q_MEDIA_M,Caudal medio mensual,Mensual,2010-11-01 00:00,13717,4,EST. OTROS METODOS,900
29037020,CALAMAR [29037020],10.25386111,-74.91169444,8,Limnimétrica,INSTITUTO DE HIDROLOGIA METEOROLOGIA Y ESTUDIOS AMBIENTALES,Area Operativa 02 - Atlántico-Bolivar-Sucre,Bolivar,Calamar,15/07/1940 00:00,,CAUDAL,Q_MEDIA_M,Caudal medio mensual,Mensual,2010-12-01 00:00,13942,4,EST. OTROS METODOS,900
29037020,CALAMAR [29037020],10.25386111,-74.91169444,8,Limnimétrica,INSTITUTO DE HIDROLOGIA METEOROLOGIA Y ESTUDIOS AMBIENTALES,Area Operativa 02 - Atlántico-Bolivar-Sucre,Bolivar,Calamar,15/07/1940 00:00,,CAUDAL,Q_MEDIA_M,Caudal medio mensual,Mensual,2011-01-01 00:00,11430,50,,900
29037020,CALAMAR [29037020],10.25386111,-74.91169444,8,Limnimétrica,INSTITUTO DE HIDROLOGIA METEOROLOGIA Y ESTUDIOS AMBIENTALES,Area Operativa 02 - Atlántico-Bolivar-Sucre,Bolivar,Calamar,15/07/1940 00:00,,CAUDAL,Q_MEDIA_M,Caudal medio mensual,Mensual,2011-02-01 00:00,6721,50,,900
29037020,CALAMAR [29037020],10.25386111,-74.91169444,8,Limnimétrica,INSTITUTO DE HIDROLOGIA METEOROLOGIA Y ESTUDIOS AMBIENTALES,Area Operativa 02 - Atlántico-Bolivar-Sucre,Bolivar,Calamar,15/07/1940 00:00,,CAUDAL,Q_MEDIA_M,Caudal medio mensual,Mensual,2011-03-01 00:00,6595,50,,900
29037020,CALAMAR [29037020],10.25386111,-74.91169444,8,Limnimétrica,INSTITUTO DE HIDROLOGIA METEOROLOGIA Y ESTUDIOS AMBIENTALES,Area Operativa 02 - Atlántico-Bolivar-Sucre,Bolivar,Calamar,15/07/1940 00:00,,CAUDAL,Q_MEDIA_M,Caudal medio mensual,Mensual,2011-04-01 00:00,8274,50,,900
29037020,CALAMAR [29037020],10.25386111,-74.91169444,8,Limnimétrica,INSTITUTO DE HIDROLOGIA METEOROLOGIA Y ESTUDIOS AMBIENTALES,Area Operativa 02 - Atlántico-Bolivar-Sucre,Bolivar,Calamar,15/07/1940 00:00,,CAUDAL,Q_MEDIA_M,Caudal medio mensual,Mensual,2011-05-01 00:00,11996,50,,900
29037020,CALAMAR [29037020],10.25386111,-74.91169444,8,Limnimétrica,INSTITUTO DE HIDROLOGIA METEOROLOGIA Y ESTUDIOS AMBIENTALES,Area Operativa 02 - Atlántico-Bolivar-Sucre,Bolivar,Calamar,15/07/1940 00:00,,CAUDAL,Q_MEDIA_M,Caudal medio mensual,Mensual,2011-06-01 00:00,12827,50,,900
29037020,CALAMAR [29037020],10.25386111,-74.91169444,8,Limnimétrica,INSTITUTO DE HIDROLOGIA METEOROLOGIA Y ESTUDIOS AMBIENTALES,Area Operativa 02 - Atlántico-Bolivar-Sucre,Bolivar,Calamar,15/07/1940 00:00,,CAUDAL,Q_MEDIA_M,Caudal medio mensual,Mensual,2011-07-01 00:00,11226,50,,900
29037020,CALAMAR [29037020],10.25386111,-74.91169444,8,Limnimétrica,INSTITUTO DE HIDROLOGIA METEOROLOGIA Y ESTUDIOS AMBIENTALES,Area Operativa 02 - Atlántico-Bolivar-Sucre,Bolivar,Calamar,15/07/1940 00:00,,CAUDAL,Q_MEDIA_M,Caudal medio mensual,Mensual,2011-08-01 00:00,10126,50,,900
29037020,CALAMAR [29037020],10.25386111,-74.91169444,8,Limnimétrica,INSTITUTO DE HIDROLOGIA METEOROLOGIA Y ESTUDIOS AMBIENTALES,Area Operativa 02 - Atlántico-Bolivar-Sucre,Bolivar,Calamar,15/07/1940 00:00,,CAUDAL,Q_MEDIA_M,Caudal medio mensual,Mensual,2011-09-01 00:00,9130,50,,900
29037020,CALAMAR [29037020],10.25386111,-74.91169444,8,Limnimétrica,INSTITUTO DE HIDROLOGIA METEOROLOGIA Y ESTUDIOS AMBIENTALES,Area Operativa 02 - Atlántico-Bolivar-Sucre,Bolivar,Calamar,15/07/1940 00:00,,CAUDAL,Q_MEDIA_M,Caudal medio mensual,Mensual,2011-10-01 00:00,9565,50,,900
29037020,CALAMAR [29037020],10.25386111,-74.91169444,8,Limnimétrica,INSTITUTO DE HIDROLOGIA METEOROLOGIA Y ESTUDIOS AMBIENTALES,Area Operativa 02 - Atlántico-Bolivar-Sucre,Bolivar,Calamar,15/07/1940 00:00,,CAUDAL,Q_MEDIA_M,Caudal medio mensual,Mensual,2011-11-01 00:00,11402,50,,900
29037020,CALAMAR [29037020],10.25386111,-74.91169444,8,Limnimétrica,INSTITUTO DE HIDROLOGIA METEOROLOGIA Y ESTUDIOS AMBIENTALES,Area Operativa 02 - Atlántico-Bolivar-Sucre,Bolivar,Calamar,15/07/1940 00:00,,CAUDAL,Q_MEDIA_M,Caudal medio mensual,Mensual,2011-12-01 00:00,13395,4,EST. OTROS METODOS,900
29037020,CALAMAR [29037020],10.25386111,-74.91169444,8,Limnimétrica,INSTITUTO DE HIDROLOGIA METEOROLOGIA Y ESTUDIOS AMBIENTALES,Area Operativa 02 - Atlántico-Bolivar-Sucre,Bolivar,Calamar,15/07/1940 00:00,,CAUDAL,Q_MEDIA_M,Caudal medio mensual,Mensual,2012-01-01 00:00,11336,4,EST. OTROS METODOS,900
29037020,CALAMAR [29037020],10.25386111,-74.91169444,8,Limnimétrica,INSTITUTO DE HIDROLOGIA METEOROLOGIA Y ESTUDIOS AMBIENTALES,Area Operativa 02 - Atlántico-Bolivar-Sucre,Bolivar,Calamar,15/07/1940 00:00,,CAUDAL,Q_MEDIA_M,Caudal medio mensual,Mensual,2012-02-01 00:00,6968,50,,900
29037020,CALAMAR [29037020],10.25386111,-74.91169444,8,Limnimétrica,INSTITUTO DE HIDROLOGIA METEOROLOGIA Y ESTUDIOS AMBIENTALES,Area Operativa 02 - Atlántico-Bolivar-Sucre,Bolivar,Calamar,15/07/1940 00:00,,CAUDAL,Q_MEDIA_M,Caudal medio mensual,Mensual,2012-03-01 00:00,4540,50,,900
29037020,CALAMAR [29037020],10.25386111,-74.91169444,8,Limnimétrica,INSTITUTO DE HIDROLOGIA METEOROLOGIA Y ESTUDIOS AMBIENTALES,Area Operativa 02 - Atlántico-Bolivar-Sucre,Bolivar,Calamar,15/07/1940 00:00,,CAUDAL,Q_MEDIA_M,Caudal medio mensual,Mensual,2012-04-01 00:00,6585,50,,900
29037020,CALAMAR [29037020],10.25386111,-74.91169444,8,Limnimétrica,INSTITUTO DE HIDROLOGIA METEOROLOGIA Y ESTUDIOS AMBIENTALES,Area Operativa 02 - Atlántico-Bolivar-Sucre,Bolivar,Calamar,15/07/1940 00:00,,CAUDAL,Q_MEDIA_M,Caudal medio mensual,Mensual,2012-05-01 00:00,9668,50,,900
29037020,CALAMAR [29037020],10.25386111,-74.91169444,8,Limnimétrica,INSTITUTO DE HIDROLOGIA METEOROLOGIA Y ESTUDIOS AMBIENTALES,Area Operativa 02 - Atlántico-Bolivar-Sucre,Bolivar,Calamar,15/07/1940 00:00,,CAUDAL,Q_MEDIA_M,Caudal medio mensual,Mensual,2012-06-01 00:00,9001,50,,900
29037020,CALAMAR [29037020],10.25386111,-74.91169444,8,Limnimétrica,INSTITUTO DE HIDROLOGIA METEOROLOGIA Y ESTUDIOS AMBIENTALES,Area Operativa 02 - Atlántico-Bolivar-Sucre,Bolivar,Calamar,15/07/1940 00:00,,CAUDAL,Q_MEDIA_M,Caudal medio mensual,Mensual,2012-07-01 00:00,6418,50,,900
29037020,CALAMAR [29037020],10.25386111,-74.91169444,8,Limnimétrica,INSTITUTO DE HIDROLOGIA METEOROLOGIA Y ESTUDIOS AMBIENTALES,Area Operativa 02 - Atlántico-Bolivar-Sucre,Bolivar,Calamar,15/07/1940 00:00,,CAUDAL,Q_MEDIA_M,Caudal medio mensual,Mensual,2012-08-01 00:00,6193,50,,900
29037020,CALAMAR [29037020],10.25386111,-74.91169444,8,Limnimétrica,INSTITUTO DE HIDROLOGIA METEOROLOGIA Y ESTUDIOS AMBIENTALES,Area Operativa 02 - Atlántico-Bolivar-Sucre,Bolivar,Calamar,15/07/1940 00:00,,CAUDAL,Q_MEDIA_M,Caudal medio mensual,Mensual,2012-09-01 00:00,6502,50,,900
29037020,CALAMAR [29037020],10.25386111,-74.91169444,8,Limnimétrica,INSTITUTO DE HIDROLOGIA METEOROLOGIA Y ESTUDIOS AMBIENTALES,Area Operativa 02 - Atlántico-Bolivar-Sucre,Bolivar,Calamar,15/07/1940 00:00,,CAUDAL,Q_MEDIA_M,Caudal medio mensual,Mensual,2012-10-01 00:00,6414,50,,900
29037020,CALAMAR [29037020],10.25386111,-74.91169444,8,Limnimétrica,INSTITUTO DE HIDROLOGIA METEOROLOGIA Y ESTUDIOS AMBIENTALES,Area Operativa 02 - Atlántico-Bolivar-Sucre,Bolivar,Calamar,15/07/1940 00:00,,CAUDAL,Q_MEDIA_M,Caudal medio mensual,Mensual,2012-11-01 00:00,7858,50,,900
29037020,CALAMAR [29037020],10.25386111,-74.91169444,8,Limnimétrica,INSTITUTO DE HIDROLOGIA METEOROLOGIA Y ESTUDIOS AMBIENTALES,Area Operativa 02 - Atlántico-Bolivar-Sucre,Bolivar,Calamar,15/07/1940 00:00,,CAUDAL,Q_MEDIA_M,Caudal medio mensual,Mensual,2012-12-01 00:00,6855,50,,900
29037020,CALAMAR [29037020],10.25386111,-74.91169444,8,Limnimétrica,INSTITUTO DE HIDROLOGIA METEOROLOGIA Y ESTUDIOS AMBIENTALES,Area Operativa 02 - Atlántico-Bolivar-Sucre,Bolivar,Calamar,15/07/1940 00:00,,CAUDAL,Q_MEDIA_M,Caudal medio mensual,Mensual,2013-01-01 00:00,3669,50,,900
29037020,CALAMAR [29037020],10.25386111,-74.91169444,8,Limnimétrica,INSTITUTO DE HIDROLOGIA METEOROLOGIA Y ESTUDIOS AMBIENTALES,Area Operativa 02 - Atlántico-Bolivar-Sucre,Bolivar,Calamar,15/07/1940 00:00,,CAUDAL,Q_MEDIA_M,Caudal medio mensual,Mensual,2013-02-01 00:00,3205,50,,900
29037020,CALAMAR [29037020],10.25386111,-74.91169444,8,Limnimétrica,INSTITUTO DE HIDROLOGIA METEOROLOGIA Y ESTUDIOS AMBIENTALES,Area Operativa 02 - Atlántico-Bolivar-Sucre,Bolivar,Calamar,15/07/1940 00:00,,CAUDAL,Q_MEDIA_M,Caudal medio mensual,Mensual,2013-03-01 00:00,3792,50,,900
29037020,CALAMAR [29037020],10.25386111,-74.91169444,8,Limnimétrica,INSTITUTO DE HIDROLOGIA METEOROLOGIA Y ESTUDIOS AMBIENTALES,Area Operativa 02 - Atlántico-Bolivar-Sucre,Bolivar,Calamar,15/07/1940 00:00,,CAUDAL,Q_MEDIA_M,Caudal medio mensual,Mensual,2013-04-01 00:00,4229,50,,900
29037020,CALAMAR [29037020],10.25386111,-74.91169444,8,Limnimétrica,INSTITUTO DE HIDROLOGIA METEOROLOGIA Y ESTUDIOS AMBIENTALES,Area Operativa 02 - Atlántico-Bolivar-Sucre,Bolivar,Calamar,15/07/1940 00:00,,CAUDAL,Q_MEDIA_M,Caudal medio mensual,Mensual,2013-05-01 00:00,6259,50,,900
29037020,CALAMAR [29037020],10.25386111,-74.91169444,8,Limnimétrica,INSTITUTO DE HIDROLOGIA METEOROLOGIA Y ESTUDIOS AMBIENTALES,Area Operativa 02 - Atlántico-Bolivar-Sucre,Bolivar,Calamar,15/07/1940 00:00,,CAUDAL,Q_MEDIA_M,Caudal medio mensual,Mensual,2013-06-01 00:00,8229,50,,900
29037020,CALAMAR [29037020],10.25386111,-74.91169444,8,Limnimétrica,INSTITUTO DE HIDROLOGIA METEOROLOGIA Y ESTUDIOS AMBIENTALES,Area Operativa 02 - Atlántico-Bolivar-Sucre,Bolivar,Calamar,15/07/1940 00:00,,CAUDAL,Q_MEDIA_M,Caudal medio mensual,Mensual,2013-07-01 00:00,6649,50,,900
29037020,CALAMAR [29037020],10.25386111,-74.91169444,8,Limnimétrica,INSTITUTO DE HIDROLOGIA METEOROLOGIA Y ESTUDIOS AMBIENTALES,Area Operativa 02 - Atlántico-Bolivar-Sucre,Bolivar,Calamar,15/07/1940 00:00,,CAUDAL,Q_MEDIA_M,Caudal medio mensual,Mensual,2013-08-01 00:00,5564,50,,900
29037020,CALAMAR [29037020],10.25386111,-74.91169444,8,Limnimétrica,INSTITUTO DE HIDROLOGIA METEOROLOGIA Y ESTUDIOS AMBIENTALES,Area Operativa 02 - Atlántico-Bolivar-Sucre,Bolivar,Calamar,15/07/1940 00:00,,CAUDAL,Q_MEDIA_M,Caudal medio mensual,Mensual,2013-09-01 00:00,7369,50,,900
29037020,CALAMAR [29037020],10.25386111,-74.91169444,8,Limnimétrica,INSTITUTO DE HIDROLOGIA METEOROLOGIA Y ESTUDIOS AMBIENTALES,Area Operativa 02 - Atlántico-Bolivar-Sucre,Bolivar,Calamar,15/07/1940 00:00,,CAUDAL,Q_MEDIA_M,Caudal medio mensual,Mensual,2013-10-01 00:00,7850,50,,900
29037020,CALAMAR [29037020],10.25386111,-74.91169444,8,Limnimétrica,INSTITUTO DE HIDROLOGIA METEOROLOGIA Y ESTUDIOS AMBIENTALES,Area Operativa 02 - Atlántico-Bolivar-Sucre,Bolivar,Calamar,15/07/1940 00:00,,CAUDAL,Q_MEDIA_M,Caudal medio mensual,Mensual,2013-11-01 00:00,8535,50,,900
29037020,CALAMAR [29037020],10.25386111,-74.91169444,8,Limnimétrica,INSTITUTO DE HIDROLOGIA METEOROLOGIA Y ESTUDIOS AMBIENTALES,Area Operativa 02 - Atlántico-Bolivar-Sucre,Bolivar,Calamar,15/07/1940 00:00,,CAUDAL,Q_MEDIA_M,Caudal medio mensual,Mensual,2013-12-01 00:00,8407,50,,900
29037020,CALAMAR [29037020],10.25386111,-74.91169444,8,Limnimétrica,INSTITUTO DE HIDROLOGIA METEOROLOGIA Y ESTUDIOS AMBIENTALES,Area Operativa 02 - Atlántico-Bolivar-Sucre,Bolivar,Calamar,15/07/1940 00:00,,CAUDAL,Q_MEDIA_M,Caudal medio mensual,Mensual,2014-01-01 00:00,5797,50,,900
29037020,CALAMAR [29037020],10.25386111,-74.91169444,8,Limnimétrica,INSTITUTO DE HIDROLOGIA METEOROLOGIA Y ESTUDIOS AMBIENTALES,Area Operativa 02 - Atlántico-Bolivar-Sucre,Bolivar,Calamar,15/07/1940 00:00,,CAUDAL,Q_MEDIA_M,Caudal medio mensual,Mensual,2014-02-01 00:00,3771,50,,900
29037020,CALAMAR [29037020],10.25386111,-74.91169444,8,Limnimétrica,INSTITUTO DE HIDROLOGIA METEOROLOGIA Y ESTUDIOS AMBIENTALES,Area Operativa 02 - Atlántico-Bolivar-Sucre,Bolivar,Calamar,15/07/1940 00:00,,CAUDAL,Q_MEDIA_M,Caudal medio mensual,Mensual,2014-03-01 00:00,4551,50,,900
29037020,CALAMAR [29037020],10.25386111,-74.91169444,8,Limnimétrica,INSTITUTO DE HIDROLOGIA METEOROLOGIA Y ESTUDIOS AMBIENTALES,Area Operativa 02 - Atlántico-Bolivar-Sucre,Bolivar,Calamar,15/07/1940 00:00,,CAUDAL,Q_MEDIA_M,Caudal medio mensual,Mensual,2014-04-01 00:00,4075,50,,900
29037020,CALAMAR [29037020],10.25386111,-74.91169444,8,Limnimétrica,INSTITUTO DE HIDROLOGIA METEOROLOGIA Y ESTUDIOS AMBIENTALES,Area Operativa 02 - Atlántico-Bolivar-Sucre,Bolivar,Calamar,15/07/1940 00:00,,CAUDAL,Q_MEDIA_M,Caudal medio mensual,Mensual,2014-05-01 00:00,6475,50,,900
29037020,CALAMAR [29037020],10.25386111,-74.91169444,8,Limnimétrica,INSTITUTO DE HIDROLOGIA METEOROLOGIA Y ESTUDIOS AMBIENTALES,Area Operativa 02 - Atlántico-Bolivar-Sucre,Bolivar,Calamar,15/07/1940 00:00,,CAUDAL,Q_MEDIA_M,Caudal medio mensual,Mensual,2014-06-01 00:00,6647,50,,900
29037020,CALAMAR [29037020],10.25386111,-74.91169444,8,Limnimétrica,INSTITUTO DE HIDROLOGIA METEOROLOGIA Y ESTUDIOS AMBIENTALES,Area Operativa 02 - Atlántico-Bolivar-Sucre,Bolivar,Calamar,15/07/1940 00:00,,CAUDAL,Q_MEDIA_M,Caudal medio mensual,Mensual,2014-07-01 00:00,4744,50,,900
29037020,CALAMAR [29037020],10.25386111,-74.91169444,8,Limnimétrica,INSTITUTO DE HIDROLOGIA METEOROLOGIA Y ESTUDIOS AMBIENTALES,Area Operativa 02 - Atlántico-Bolivar-Sucre,Bolivar,Calamar,15/07/1940 00:00,,CAUDAL,Q_MEDIA_M,Caudal medio mensual,Mensual,2014-08-01 00:00,4197,50,,900
29037020,CALAMAR [29037020],10.25386111,-74.91169444,8,Limnimétrica,INSTITUTO DE HIDROLOGIA METEOROLOGIA Y ESTUDIOS AMBIENTALES,Area Operativa 02 - Atlántico-Bolivar-Sucre,Bolivar,Calamar,15/07/1940 00:00,,CAUDAL,Q_MEDIA_M,Caudal medio mensual,Mensual,2014-09-01 00:00,5495,50,,900
29037020,CALAMAR [29037020],10.25386111,-74.91169444,8,Limnimétrica,INSTITUTO DE HIDROLOGIA METEOROLOGIA Y ESTUDIOS AMBIENTALES,Area Operativa 02 - Atlántico-Bolivar-Sucre,Bolivar,Calamar,15/07/1940 00:00,,CAUDAL,Q_MEDIA_M,Caudal medio mensual,Mensual,2014-10-01 00:00,7039,50,,900
29037020,CALAMAR [29037020],10.25386111,-74.91169444,8,Limnimétrica,INSTITUTO DE HIDROLOGIA METEOROLOGIA Y ESTUDIOS AMBIENTALES,Area Operativa 02 - Atlántico-Bolivar-Sucre,Bolivar,Calamar,15/07/1940 00:00,,CAUDAL,Q_MEDIA_M,Caudal medio mensual,Mensual,2014-11-01 00:00,8321,50,,900
29037020,CALAMAR [29037020],10.25386111,-74.91169444,8,Limnimétrica,INSTITUTO DE HIDROLOGIA METEOROLOGIA Y ESTUDIOS AMBIENTALES,Area Operativa 02 - Atlántico-Bolivar-Sucre,Bolivar,Calamar,15/07/1940 00:00,,CAUDAL,Q_MEDIA_M,Caudal medio mensual,Mensual,2014-12-01 00:00,8477,50,,900
29037020,CALAMAR [29037020],10.25386111,-74.91169444,8,Limnimétrica,INSTITUTO DE HIDROLOGIA METEOROLOGIA Y ESTUDIOS AMBIENTALES,Area Operativa 02 - Atlántico-Bolivar-Sucre,Bolivar,Calamar,15/07/1940 00:00,,CAUDAL,Q_MEDIA_M,Caudal medio mensual,Mensual,2015-01-01 00:00,4582,50,,900
29037020,CALAMAR [29037020],10.25386111,-74.91169444,8,Limnimétrica,INSTITUTO DE HIDROLOGIA METEOROLOGIA Y ESTUDIOS AMBIENTALES,Area Operativa 02 - Atlántico-Bolivar-Sucre,Bolivar,Calamar,15/07/1940 00:00,,CAUDAL,Q_MEDIA_M,Caudal medio mensual,Mensual,2015-02-01 00:00,3990,50,,900
29037020,CALAMAR [29037020],10.25386111,-74.91169444,8,Limnimétrica,INSTITUTO DE HIDROLOGIA METEOROLOGIA Y ESTUDIOS AMBIENTALES,Area Operativa 02 - Atlántico-Bolivar-Sucre,Bolivar,Calamar,15/07/1940 00:00,,CAUDAL,Q_MEDIA_M,Caudal medio mensual,Mensual,2015-03-01 00:00,3399,50,,900
29037020,CALAMAR [29037020],10.25386111,-74.91169444,8,Limnimétrica,INSTITUTO DE HIDROLOGIA METEOROLOGIA Y ESTUDIOS AMBIENTALES,Area Operativa 02 - Atlántico-Bolivar-Sucre,Bolivar,Calamar,15/07/1940 00:00,,CAUDAL,Q_MEDIA_M,Caudal medio mensual,Mensual,2015-04-01 00:00,4877,50,,900
29037020,CALAMAR [29037020],10.25386111,-74.91169444,8,Limnimétrica,INSTITUTO DE HIDROLOGIA METEOROLOGIA Y ESTUDIOS AMBIENTALES,Area Operativa 02 - Atlántico-Bolivar-Sucre,Bolivar,Calamar,15/07/1940 00:00,,CAUDAL,Q_MEDIA_M,Caudal medio mensual,Mensual,2015-05-01 00:00,5097,50,,900
29037020,CALAMAR [29037020],10.25386111,-74.91169444,8,Limnimétrica,INSTITUTO DE HIDROLOGIA METEOROLOGIA Y ESTUDIOS AMBIENTALES,Area Operativa 02 - Atlántico-Bolivar-Sucre,Bolivar,Calamar,15/07/1940 00:00,,CAUDAL,Q_MEDIA_M,Caudal medio mensual,Mensual,2015-06-01 00:00,5904,50,,900
29037020,CALAMAR [29037020],10.25386111,-74.91169444,8,Limnimétrica,INSTITUTO DE HIDROLOGIA METEOROLOGIA Y ESTUDIOS AMBIENTALES,Area Operativa 02 - Atlántico-Bolivar-Sucre,Bolivar,Calamar,15/07/1940 00:00,,CAUDAL,Q_MEDIA_M,Caudal medio mensual,Mensual,2015-07-01 00:00,4341,50,,900
29037020,CALAMAR [29037020],10.25386111,-74.91169444,8,Limnimétrica,INSTITUTO DE HIDROLOGIA METEOROLOGIA Y ESTUDIOS AMBIENTALES,Area Operativa 02 - Atlántico-Bolivar-Sucre,Bolivar,Calamar,15/07/1940 00:00,,CAUDAL,Q_MEDIA_M,Caudal medio mensual,Mensual,2015-08-01 00:00,4127,50,,900
29037020,CALAMAR [29037020],10.25386111,-74.91169444,8,Limnimétrica,INSTITUTO DE HIDROLOGIA METEOROLOGIA Y ESTUDIOS AMBIENTALES,Area Operativa 02 - Atlántico-Bolivar-Sucre,Bolivar,Calamar,15/07/1940 00:00,,CAUDAL,Q_MEDIA_M,Caudal medio mensual,Mensual,2015-09-01 00:00,4394,50,,900
29037020,CALAMAR [29037020],10.25386111,-74.91169444,8,Limnimétrica,INSTITUTO DE HIDROLOGIA METEOROLOGIA Y ESTUDIOS AMBIENTALES,Area Operativa 02 - Atlántico-Bolivar-Sucre,Bolivar,Calamar,15/07/1940 00:00,,CAUDAL,Q_MEDIA_M,Caudal medio mensual,Mensual,2015-10-01 00:00,4343,50,,900
29037020,CALAMAR [29037020],10.25386111,-74.91169444,8,Limnimétrica,INSTITUTO DE HIDROLOGIA METEOROLOGIA Y ESTUDIOS AMBIENTALES,Area Operativa 02 - Atlántico-Bolivar-Sucre,Bolivar,Calamar,15/07/1940 00:00,,CAUDAL,Q_MEDIA_M,Caudal medio mensual,Mensual,2015-11-01 00:00,5803,50,,900
29037020,CALAMAR [29037020],10.25386111,-74.91169444,8,Limnimétrica,INSTITUTO DE HIDROLOGIA METEOROLOGIA Y ESTUDIOS AMBIENTALES,Area Operativa 02 - Atlántico-Bolivar-Sucre,Bolivar,Calamar,15/07/1940 00:00,,CAUDAL,Q_MEDIA_M,Caudal medio mensual,Mensual,2015-12-01 00:00,4444,50,,900
29037020,CALAMAR [29037020],10.25386111,-74.91169444,8,Limnimétrica,INSTITUTO DE HIDROLOGIA METEOROLOGIA Y ESTUDIOS AMBIENTALES,Area Operativa 02 - Atlántico-Bolivar-Sucre,Bolivar,Calamar,15/07/1940 00:00,,CAUDAL,Q_MEDIA_M,Caudal medio mensual,Mensual,2016-01-01 00:00,2689.38592069894,50,,1200
29037020,CALAMAR [29037020],10.25386111,-74.91169444,8,Limnimétrica,INSTITUTO DE HIDROLOGIA METEOROLOGIA Y ESTUDIOS AMBIENTALES,Area Operativa 02 - Atlántico-Bolivar-Sucre,Bolivar,Calamar,15/07/1940 00:00,,CAUDAL,Q_MEDIA_M,Caudal medio mensual,Mensual,2016-02-01 00:00,2478.67887931034,50,,1200
29037020,CALAMAR [29037020],10.25386111,-74.91169444,8,Limnimétrica,INSTITUTO DE HIDROLOGIA METEOROLOGIA Y ESTUDIOS AMBIENTALES,Area Operativa 02 - Atlántico-Bolivar-Sucre,Bolivar,Calamar,15/07/1940 00:00,,CAUDAL,Q_MEDIA_M,Caudal medio mensual,Mensual,2016-03-01 00:00,2677.00453629031,50,,1200
29037020,CALAMAR [29037020],10.25386111,-74.91169444,8,Limnimétrica,INSTITUTO DE HIDROLOGIA METEOROLOGIA Y ESTUDIOS AMBIENTALES,Area Operativa 02 - Atlántico-Bolivar-Sucre,Bolivar,Calamar,15/07/1940 00:00,,CAUDAL,Q_MEDIA_M,Caudal medio mensual,Mensual,2016-04-01 00:00,3369.57812499994,50,,1200
29037020,CALAMAR [29037020],10.25386111,-74.91169444,8,Limnimétrica,INSTITUTO DE HIDROLOGIA METEOROLOGIA Y ESTUDIOS AMBIENTALES,Area Operativa 02 - Atlántico-Bolivar-Sucre,Bolivar,Calamar,15/07/1940 00:00,,CAUDAL,Q_MEDIA_M,Caudal medio mensual,Mensual,2016-05-01 00:00,5382.83124999997,50,,1200
29037020,CALAMAR [29037020],10.25386111,-74.91169444,8,Limnimétrica,INSTITUTO DE HIDROLOGIA METEOROLOGIA Y ESTUDIOS AMBIENTALES,Area Operativa 02 - Atlántico-Bolivar-Sucre,Bolivar,Calamar,15/07/1940 00:00,,CAUDAL,Q_MEDIA_M,Caudal medio mensual,Mensual,2016-06-01 00:00,5929.93750000001,50,,1200
29037020,CALAMAR [29037020],10.25386111,-74.91169444,8,Limnimétrica,INSTITUTO DE HIDROLOGIA METEOROLOGIA Y ESTUDIOS AMBIENTALES,Area Operativa 02 - Atlántico-Bolivar-Sucre,Bolivar,Calamar,15/07/1940 00:00,,CAUDAL,Q_MEDIA_M,Caudal medio mensual,Mensual,2016-07-01 00:00,5323.06451612902,50,,1200
29037020,CALAMAR [29037020],10.25386111,-74.91169444,8,Limnimétrica,INSTITUTO DE HIDROLOGIA METEOROLOGIA Y ESTUDIOS AMBIENTALES,Area Operativa 02 - Atlántico-Bolivar-Sucre,Bolivar,Calamar,15/07/1940 00:00,,CAUDAL,Q_MEDIA_M,Caudal medio mensual,Mensual,2016-08-01 00:00,5453.38458333335,4,,1200
29037020,CALAMAR [29037020],10.25386111,-74.91169444,8,Limnimétrica,INSTITUTO DE HIDROLOGIA METEOROLOGIA Y ESTUDIOS AMBIENTALES,Area Operativa 02 - Atlántico-Bolivar-Sucre,Bolivar,Calamar,15/07/1940 00:00,,CAUDAL,Q_MEDIA_M,Caudal medio mensual,Mensual,2016-09-01 00:00,6129.4350694444,50,,1200
29037020,CALAMAR [29037020],10.25386111,-74.91169444,8,Limnimétrica,INSTITUTO DE HIDROLOGIA METEOROLOGIA Y ESTUDIOS AMBIENTALES,Area Operativa 02 - Atlántico-Bolivar-Sucre,Bolivar,Calamar,15/07/1940 00:00,,CAUDAL,Q_MEDIA_M,Caudal medio mensual,Mensual,2016-10-01 00:00,7255.44072580637,50,,1200
29037020,CALAMAR [29037020],10.25386111,-74.91169444,8,Limnimétrica,INSTITUTO DE HIDROLOGIA METEOROLOGIA Y ESTUDIOS AMBIENTALES,Area Operativa 02 - Atlántico-Bolivar-Sucre,Bolivar,Calamar,15/07/1940 00:00,,CAUDAL,Q_MEDIA_M,Caudal medio mensual,Mensual,2016-11-01 00:00,9103.56333333327,50,,1200
29037020,CALAMAR [29037020],10.25386111,-74.91169444,8,Limnimétrica,INSTITUTO DE HIDROLOGIA METEOROLOGIA Y ESTUDIOS AMBIENTALES,Area Operativa 02 - Atlántico-Bolivar-Sucre,Bolivar,Calamar,15/07/1940 00:00,,CAUDAL,Q_MEDIA_M,Caudal medio mensual,Mensual,2016-12-01 00:00,10169.1350806452,50,,1200
29037020,CALAMAR [29037020],10.25386111,-74.91169444,8,Limnimétrica,INSTITUTO DE HIDROLOGIA METEOROLOGIA Y ESTUDIOS AMBIENTALES,Area Operativa 02 - Atlántico-Bolivar-Sucre,Bolivar,Calamar,15/07/1940 00:00,,CAUDAL,Q_MEDIA_M,Caudal medio mensual,Mensual,2017-01-01 00:00,8688.76774193562,50,,1200
29037020,CALAMAR [29037020],10.25386111,-74.91169444,8,Limnimétrica,INSTITUTO DE HIDROLOGIA METEOROLOGIA Y ESTUDIOS AMBIENTALES,Area Operativa 02 - Atlántico-Bolivar-Sucre,Bolivar,Calamar,15/07/1940 00:00,,CAUDAL,Q_MEDIA_M,Caudal medio mensual,Mensual,2017-02-01 00:00,5078.38080357158,50,,1200
29037020,CALAMAR [29037020],10.25386111,-74.91169444,8,Limnimétrica,INSTITUTO DE HIDROLOGIA METEOROLOGIA Y ESTUDIOS AMBIENTALES,Area Operativa 02 - Atlántico-Bolivar-Sucre,Bolivar,Calamar,15/07/1940 00:00,,CAUDAL,Q_MEDIA_M,Caudal medio mensual,Mensual,2017-03-01 00:00,4748.00483870956,50,,1200
29037020,CALAMAR [29037020],10.25386111,-74.91169444,8,Limnimétrica,INSTITUTO DE HIDROLOGIA METEOROLOGIA Y ESTUDIOS AMBIENTALES,Area Operativa 02 - Atlántico-Bolivar-Sucre,Bolivar,Calamar,15/07/1940 00:00,,CAUDAL,Q_MEDIA_M,Caudal medio mensual,Mensual,2017-04-01 00:00,6799.19999999996,50,,1200
29037020,CALAMAR [29037020],10.25386111,-74.91169444,8,Limnimétrica,INSTITUTO DE HIDROLOGIA METEOROLOGIA Y ESTUDIOS AMBIENTALES,Area Operativa 02 - Atlántico-Bolivar-Sucre,Bolivar,Calamar,15/07/1940 00:00,,CAUDAL,Q_MEDIA_M,Caudal medio mensual,Mensual,2017-05-01 00:00,8409.71612903216,50,,1200
29037020,CALAMAR [29037020],10.25386111,-74.91169444,8,Limnimétrica,INSTITUTO DE HIDROLOGIA METEOROLOGIA Y ESTUDIOS AMBIENTALES,Area Operativa 02 - Atlántico-Bolivar-Sucre,Bolivar,Calamar,15/07/1940 00:00,,CAUDAL,Q_MEDIA_M,Caudal medio mensual,Mensual,2017-06-01 00:00,10426.1066666666,50,,1200
29037020,CALAMAR [29037020],10.25386111,-74.91169444,8,Limnimétrica,INSTITUTO DE HIDROLOGIA METEOROLOGIA Y ESTUDIOS AMBIENTALES,Area Operativa 02 - Atlántico-Bolivar-Sucre,Bolivar,Calamar,15/07/1940 00:00,,CAUDAL,Q_MEDIA_M,Caudal medio mensual,Mensual,2017-07-01 00:00,10750.1346774194,50,,1200
29037020,CALAMAR [29037020],10.25386111,-74.91169444,8,Limnimétrica,INSTITUTO DE HIDROLOGIA METEOROLOGIA Y ESTUDIOS AMBIENTALES,Area Operativa 02 - Atlántico-Bolivar-Sucre,Bolivar,Calamar,15/07/1940 00:00,,CAUDAL,Q_MEDIA_M,Caudal medio mensual,Mensual,2017-08-01 00:00,9129.49027777781,4,,1200
29037020,CALAMAR [29037020],10.25386111,-74.91169444,8,Limnimétrica,INSTITUTO DE HIDROLOGIA METEOROLOGIA Y ESTUDIOS AMBIENTALES,Area Operativa 02 - Atlántico-Bolivar-Sucre,Bolivar,Calamar,15/07/1940 00:00,,CAUDAL,Q_MEDIA_M,Caudal medio mensual,Mensual,2017-09-01 00:00,8746.88666666666,50,,1200
29037020,CALAMAR [29037020],10.25386111,-74.91169444,8,Limnimétrica,INSTITUTO DE HIDROLOGIA METEOROLOGIA Y ESTUDIOS AMBIENTALES,Area Operativa 02 - Atlántico-Bolivar-Sucre,Bolivar,Calamar,15/07/1940 00:00,,CAUDAL,Q_MEDIA_M,Caudal medio mensual,Mensual,2017-10-01 00:00,9063.31774193548,50,,1200
29037020,CALAMAR [29037020],10.25386111,-74.91169444,8,Limnimétrica,INSTITUTO DE HIDROLOGIA METEOROLOGIA Y ESTUDIOS AMBIENTALES,Area Operativa 02 - Atlántico-Bolivar-Sucre,Bolivar,Calamar,15/07/1940 00:00,,CAUDAL,Q_MEDIA_M,Caudal medio mensual,Mensual,2017-11-01 00:00,9207.20999999996,50,,1200
29037020,CALAMAR [29037020],10.25386111,-74.91169444,8,Limnimétrica,INSTITUTO DE HIDROLOGIA METEOROLOGIA Y ESTUDIOS AMBIENTALES,Area Operativa 02 - Atlántico-Bolivar-Sucre,Bolivar,Calamar,15/07/1940 00:00,,CAUDAL,Q_MEDIA_M,Caudal medio mensual,Mensual,2017-12-01 00:00,9666.10967741942,50,ESTIMADO,1200
29037020,CALAMAR [29037020],10.25386111,-74.91169444,8,Limnimétrica,INSTITUTO DE HIDROLOGIA METEOROLOGIA Y ESTUDIOS AMBIENTALES,Area Operativa 02 - Atlántico-Bolivar-Sucre,Bolivar,Calamar,15/07/1940 00:00,,CAUDAL,Q_MEDIA_M,Caudal medio mensual,Mensual,2018-01-01 00:00,8229.18077956996,50,ESTIMADO,1200
29037020,CALAMAR [29037020],10.25386111,-74.91169444,8,Limnimétrica,INSTITUTO DE HIDROLOGIA METEOROLOGIA Y ESTUDIOS AMBIENTALES,Area Operativa 02 - Atlántico-Bolivar-Sucre,Bolivar,Calamar,15/07/1940 00:00,,CAUDAL,Q_MEDIA_M,Caudal medio mensual,Mensual,2018-02-01 00:00,4620.83611111123,4,,1200
29037020,CALAMAR [29037020],10.25386111,-74.91169444,8,Limnimétrica,INSTITUTO DE HIDROLOGIA METEOROLOGIA Y ESTUDIOS AMBIENTALES,Area Operativa 02 - Atlántico-Bolivar-Sucre,Bolivar,Calamar,15/07/1940 00:00,,CAUDAL,Q_MEDIA_M,Caudal medio mensual,Mensual,2018-03-01 00:00,3672.78425925927,4,,1200
29037020,CALAMAR [29037020],10.25386111,-74.91169444,8,Limnimétrica,INSTITUTO DE HIDROLOGIA METEOROLOGIA Y ESTUDIOS AMBIENTALES,Area Operativa 02 - Atlántico-Bolivar-Sucre,Bolivar,Calamar,15/07/1940 00:00,,CAUDAL,Q_MEDIA_M,Caudal medio mensual,Mensual,2018-04-01 00:00,6154.2187499999,4,ESTIMADO,1200
29037020,CALAMAR [29037020],10.25386111,-74.91169444,8,Limnimétrica,INSTITUTO DE HIDROLOGIA METEOROLOGIA Y ESTUDIOS AMBIENTALES,Area Operativa 02 - Atlántico-Bolivar-Sucre,Bolivar,Calamar,15/07/1940 00:00,,CAUDAL,Q_MEDIA_M,Caudal medio mensual,Mensual,2018-05-01 00:00,7904.33266129021,50,,1200
29037020,CALAMAR [29037020],10.25386111,-74.91169444,8,Limnimétrica,INSTITUTO DE HIDROLOGIA METEOROLOGIA Y ESTUDIOS AMBIENTALES,Area Operativa 02 - Atlántico-Bolivar-Sucre,Bolivar,Calamar,15/07/1940 00:00,,CAUDAL,Q_MEDIA_M,Caudal medio mensual,Mensual,2018-06-01 00:00,9796.87666666666,50,,1200
29037020,CALAMAR [29037020],10.25386111,-74.91169444,8,Limnimétrica,INSTITUTO DE HIDROLOGIA METEOROLOGIA Y ESTUDIOS AMBIENTALES,Area Operativa 02 - Atlántico-Bolivar-Sucre,Bolivar,Calamar,15/07/1940 00:00,,CAUDAL,Q_MEDIA_M,Caudal medio mensual,Mensual,2018-07-01 00:00,8636.68387096784,50,ESTIMADO,1200
29037020,CALAMAR [29037020],10.25386111,-74.91169444,8,Limnimétrica,INSTITUTO DE HIDROLOGIA METEOROLOGIA Y ESTUDIOS AMBIENTALES,Area Operativa 02 - Atlántico-Bolivar-Sucre,Bolivar,Calamar,15/07/1940 00:00,,CAUDAL,Q_MEDIA_M,Caudal medio mensual,Mensual,2018-08-01 00:00,6835.67741935491,50,ESTIMADO,1200
29037020,CALAMAR [29037020],10.25386111,-74.91169444,8,Limnimétrica,INSTITUTO DE HIDROLOGIA METEOROLOGIA Y ESTUDIOS AMBIENTALES,Area Operativa 02 - Atlántico-Bolivar-Sucre,Bolivar,Calamar,15/07/1940 00:00,,CAUDAL,Q_MEDIA_M,Caudal medio mensual,Mensual,2018-09-01 00:00,6667.38541666658,50,,1200
29037020,CALAMAR [29037020],10.25386111,-74.91169444,8,Limnimétrica,INSTITUTO DE HIDROLOGIA METEOROLOGIA Y ESTUDIOS AMBIENTALES,Area Operativa 02 - Atlántico-Bolivar-Sucre,Bolivar,Calamar,15/07/1940 00:00,,CAUDAL,Q_MEDIA_M,Caudal medio mensual,Mensual,2018-10-01 00:00,8556.77540322573,50,,1200
29037020,CALAMAR [29037020],10.25386111,-74.91169444,8,Limnimétrica,INSTITUTO DE HIDROLOGIA METEOROLOGIA Y ESTUDIOS AMBIENTALES,Area Operativa 02 - Atlántico-Bolivar-Sucre,Bolivar,Calamar,15/07/1940 00:00,,CAUDAL,Q_MEDIA_M,Caudal medio mensual,Mensual,2018-11-01 00:00,10144.07375,50,ESTIMADO,1200
29037020,CALAMAR [29037020],10.25386111,-74.91169444,8,Limnimétrica,INSTITUTO DE HIDROLOGIA METEOROLOGIA Y ESTUDIOS AMBIENTALES,Area Operativa 02 - Atlántico-Bolivar-Sucre,Bolivar,Calamar,15/07/1940 00:00,,CAUDAL,Q_MEDIA_M,Caudal medio mensual,Mensual,2018-12-01 00:00,9943.28413461544,4,,1200
29037020,CALAMAR [29037020],10.25386111,-74.91169444,8,Limnimétrica,INSTITUTO DE HIDROLOGIA METEOROLOGIA Y ESTUDIOS AMBIENTALES,Area Operativa 02 - Atlántico-Bolivar-Sucre,Bolivar,Calamar,15/07/1940 00:00,,CAUDAL,Q_MEDIA_M,Caudal medio mensual,Mensual,2019-02-01 00:00,3291.91049107142,50,,1200
29037020,CALAMAR [29037020],10.25386111,-74.91169444,8,Limnimétrica,INSTITUTO DE HIDROLOGIA METEOROLOGIA Y ESTUDIOS AMBIENTALES,Area Operativa 02 - Atlántico-Bolivar-Sucre,Bolivar,Calamar,15/07/1940 00:00,,CAUDAL,Q_MEDIA_M,Caudal medio mensual,Mensual,2019-03-01 00:00,3954.75846774186,50,,1200
29037020,CALAMAR [29037020],10.25386111,-74.91169444,8,Limnimétrica,INSTITUTO DE HIDROLOGIA METEOROLOGIA Y ESTUDIOS AMBIENTALES,Area Operativa 02 - Atlántico-Bolivar-Sucre,Bolivar,Calamar,15/07/1940 00:00,,CAUDAL,Q_MEDIA_M,Caudal medio mensual,Mensual,2019-04-01 00:00,5842.75520833325,50,,1200
29037020,CALAMAR [29037020],10.25386111,-74.91169444,8,Limnimétrica,INSTITUTO DE HIDROLOGIA METEOROLOGIA Y ESTUDIOS AMBIENTALES,Area Operativa 02 - Atlántico-Bolivar-Sucre,Bolivar,Calamar,15/07/1940 00:00,,CAUDAL,Q_MEDIA_M,Caudal medio mensual,Mensual,2019-05-01 00:00,6930.14758064509,50,ESTIMADO,1200
29037020,CALAMAR [29037020],10.25386111,-74.91169444,8,Limnimétrica,INSTITUTO DE HIDROLOGIA METEOROLOGIA Y ESTUDIOS AMBIENTALES,Area Operativa 02 - Atlántico-Bolivar-Sucre,Bolivar,Calamar,15/07/1940 00:00,,CAUDAL,Q_MEDIA_M,Caudal medio mensual,Mensual,2019-06-01 00:00,9019.20999999997,50,ESTIMADO,1200
29037020,CALAMAR [29037020],10.25386111,-74.91169444,8,Limnimétrica,INSTITUTO DE HIDROLOGIA METEOROLOGIA Y ESTUDIOS AMBIENTALES,Area Operativa 02 - Atlántico-Bolivar-Sucre,Bolivar,Calamar,15/07/1940 00:00,,CAUDAL,Q_MEDIA_M,Caudal medio mensual,Mensual,2019-07-01 00:00,7844.84763888898,4,,1200
29037020,CALAMAR [29037020],10.25386111,-74.91169444,8,Limnimétrica,INSTITUTO DE HIDROLOGIA METEOROLOGIA Y ESTUDIOS AMBIENTALES,Area Operativa 02 - Atlántico-Bolivar-Sucre,Bolivar,Calamar,15/07/1940 00:00,,CAUDAL,Q_MEDIA_M,Caudal medio mensual,Mensual,2019-08-01 00:00,5953.4768145162,50,,1200
29037020,CALAMAR [29037020],10.25386111,-74.91169444,8,Limnimétrica,INSTITUTO DE HIDROLOGIA METEOROLOGIA Y ESTUDIOS AMBIENTALES,Area Operativa 02 - Atlántico-Bolivar-Sucre,Bolivar,Calamar,15/07/1940 00:00,,CAUDAL,Q_MEDIA_M,Caudal medio mensual,Mensual,2019-09-01 00:00,5223.1460416666,50,ESTIMADO,1200
29037020,CALAMAR [29037020],10.25386111,-74.91169444,8,Limnimétrica,INSTITUTO DE HIDROLOGIA METEOROLOGIA Y ESTUDIOS AMBIENTALES,Area Operativa 02 - Atlántico-Bolivar-Sucre,Bolivar,Calamar,15/07/1940 00:00,,CAUDAL,Q_MEDIA_M,Caudal medio mensual,Mensual,2019-10-01 00:00,7475.54677419343,50,,1200
29037020,CALAMAR [29037020],10.25386111,-74.91169444,8,Limnimétrica,INSTITUTO DE HIDROLOGIA METEOROLOGIA Y ESTUDIOS AMBIENTALES,Area Operativa 02 - Atlántico-Bolivar-Sucre,Bolivar,Calamar,15/07/1940 00:00,,CAUDAL,Q_MEDIA_M,Caudal medio mensual,Mensual,2019-11-01 00:00,9273.31833333331,50,,1200
29037020,CALAMAR [29037020],10.25386111,-74.91169444,8,Limnimétrica,INSTITUTO DE HIDROLOGIA METEOROLOGIA Y ESTUDIOS AMBIENTALES,Area Operativa 02 - Atlántico-Bolivar-Sucre,Bolivar,Calamar,15/07/1940 00:00,,CAUDAL,Q_MEDIA_M,Caudal medio mensual,Mensual,2019-12-01 00:00,8537.28225806461,50,,1200
29037020,CALAMAR [29037020],10.25386111,-74.91169444,8,Limnimétrica,INSTITUTO DE HIDROLOGIA METEOROLOGIA Y ESTUDIOS AMBIENTALES,Area Operativa 02 - Atlántico-Bolivar-Sucre,Bolivar,Calamar,15/07/1940 00:00,,CAUDAL,Q_MEDIA_M,Caudal medio mensual,Mensual,2020-01-01 00:00,5258.87055345592,50,ESTIMADO,1200
29037020,CALAMAR [29037020],10.25386111,-74.91169444,8,Limnimétrica,INSTITUTO DE HIDROLOGIA METEOROLOGIA Y ESTUDIOS AMBIENTALES,Area Operativa 02 - Atlántico-Bolivar-Sucre,Bolivar,Calamar,15/07/1940 00:00,,CAUDAL,Q_MEDIA_M,Caudal medio mensual,Mensual,2020-02-01 00:00,3233.15549568968,50,,1200
29037020,CALAMAR [29037020],10.25386111,-74.91169444,8,Limnimétrica,INSTITUTO DE HIDROLOGIA METEOROLOGIA Y ESTUDIOS AMBIENTALES,Area Operativa 02 - Atlántico-Bolivar-Sucre,Bolivar,Calamar,15/07/1940 00:00,,CAUDAL,Q_MEDIA_M,Caudal medio mensual,Mensual,2020-03-01 00:00,3306.56582661291,50,ESTIMADO,1200
29037020,CALAMAR [29037020],10.25386111,-74.91169444,8,Limnimétrica,INSTITUTO DE HIDROLOGIA METEOROLOGIA Y ESTUDIOS AMBIENTALES,Area Operativa 02 - Atlántico-Bolivar-Sucre,Bolivar,Calamar,15/07/1940 00:00,,CAUDAL,Q_MEDIA_M,Caudal medio mensual,Mensual,2020-04-01 00:00,3646.86749999997,50,ESTIMADO,1200
29037020,CALAMAR [29037020],10.25386111,-74.91169444,8,Limnimétrica,INSTITUTO DE HIDROLOGIA METEOROLOGIA Y ESTUDIOS AMBIENTALES,Area Operativa 02 - Atlántico-Bolivar-Sucre,Bolivar,Calamar,15/07/1940 00:00,,CAUDAL,Q_MEDIA_M,Caudal medio mensual,Mensual,2020-05-01 00:00,4148.95564516127,50,,1200
29037020,CALAMAR [29037020],10.25386111,-74.91169444,8,Limnimétrica,INSTITUTO DE HIDROLOGIA METEOROLOGIA Y ESTUDIOS AMBIENTALES,Area Operativa 02 - Atlántico-Bolivar-Sucre,Bolivar,Calamar,15/07/1940 00:00,,CAUDAL,Q_MEDIA_M,Caudal medio mensual,Mensual,2020-06-01 00:00,5611.84916666661,50,,1200
29037020,CALAMAR [29037020],10.25386111,-74.91169444,8,Limnimétrica,INSTITUTO DE HIDROLOGIA METEOROLOGIA Y ESTUDIOS AMBIENTALES,Area Operativa 02 - Atlántico-Bolivar-Sucre,Bolivar,Calamar,15/07/1940 00:00,,CAUDAL,Q_MEDIA_M,Caudal medio mensual,Mensual,2020-07-01 00:00,6987.1975806451,50,,1200
29037020,CALAMAR [29037020],10.25386111,-74.91169444,8,Limnimétrica,INSTITUTO DE HIDROLOGIA METEOROLOGIA Y ESTUDIOS AMBIENTALES,Area Operativa 02 - Atlántico-Bolivar-Sucre,Bolivar,Calamar,15/07/1940 00:00,,CAUDAL,Q_MEDIA_M,Caudal medio mensual,Mensual,2020-08-01 00:00,7277.53427419351,50,,1200
29037020,CALAMAR [29037020],10.25386111,-74.91169444,8,Limnimétrica,INSTITUTO DE HIDROLOGIA METEOROLOGIA Y ESTUDIOS AMBIENTALES,Area Operativa 02 - Atlántico-Bolivar-Sucre,Bolivar,Calamar,15/07/1940 00:00,,CAUDAL,Q_MEDIA_M,Caudal medio mensual,Mensual,2020-09-01 00:00,8679.0570833333,50,,1200
29037020,CALAMAR [29037020],10.25386111,-74.91169444,8,Limnimétrica,INSTITUTO DE HIDROLOGIA METEOROLOGIA Y ESTUDIOS AMBIENTALES,Area Operativa 02 - Atlántico-Bolivar-Sucre,Bolivar,Calamar,15/07/1940 00:00,,CAUDAL,Q_MEDIA_M,Caudal medio mensual,Mensual,2020-10-01 00:00,9349.56774193547,50,,1200
29037020,CALAMAR [29037020],10.25386111,-74.91169444,8,Limnimétrica,INSTITUTO DE HIDROLOGIA METEOROLOGIA Y ESTUDIOS AMBIENTALES,Area Operativa 02 - Atlántico-Bolivar-Sucre,Bolivar,Calamar,15/07/1940 00:00,,CAUDAL,Q_MEDIA_M,Caudal medio mensual,Mensual,2020-11-01 00:00,9804.53374999996,50,,1200
29037020,CALAMAR [29037020],10.25386111,-74.91169444,8,Limnimétrica,INSTITUTO DE HIDROLOGIA METEOROLOGIA Y ESTUDIOS AMBIENTALES,Area Operativa 02 - Atlántico-Bolivar-Sucre,Bolivar,Calamar,15/07/1940 00:00,,CAUDAL,Q_MEDIA_M,Caudal medio mensual,Mensual,2020-12-01 00:00,10353.7383064516,50,,1200
29037020,CALAMAR [29037020],10.25386111,-74.91169444,8,Limnimétrica,INSTITUTO DE HIDROLOGIA METEOROLOGIA Y ESTUDIOS AMBIENTALES,Area Operativa 02 - Atlántico-Bolivar-Sucre,Bolivar,Calamar,15/07/1940 00:00,,CAUDAL,Q_MEDIA_M,Caudal medio mensual,Mensual,2021-01-01 00:00,8111.29032258084,50,,1200
29037020,CALAMAR [29037020],10.25386111,-74.91169444,8,Limnimétrica,INSTITUTO DE HIDROLOGIA METEOROLOGIA Y ESTUDIOS AMBIENTALES,Area Operativa 02 - Atlántico-Bolivar-Sucre,Bolivar,Calamar,15/07/1940 00:00,,CAUDAL,Q_MEDIA_M,Caudal medio mensual,Mensual,2021-02-01 00:00,4483.58794642861,50,,1200
29037020,CALAMAR [29037020],10.25386111,-74.91169444,8,Limnimétrica,INSTITUTO DE HIDROLOGIA METEOROLOGIA Y ESTUDIOS AMBIENTALES,Area Operativa 02 - Atlántico-Bolivar-Sucre,Bolivar,Calamar,15/07/1940 00:00,,CAUDAL,Q_MEDIA_M,Caudal medio mensual,Mensual,2021-03-01 00:00,5485.57701612892,50,,1200
29037020,CALAMAR [29037020],10.25386111,-74.91169444,8,Limnimétrica,INSTITUTO DE HIDROLOGIA METEOROLOGIA Y ESTUDIOS AMBIENTALES,Area Operativa 02 - Atlántico-Bolivar-Sucre,Bolivar,Calamar,15/07/1940 00:00,,CAUDAL,Q_MEDIA_M,Caudal medio mensual,Mensual,2021-04-01 00:00,6964.52291666667,50,,1200
29037020,CALAMAR [29037020],10.25386111,-74.91169444,8,Limnimétrica,INSTITUTO DE HIDROLOGIA METEOROLOGIA Y ESTUDIOS AMBIENTALES,Area Operativa 02 - Atlántico-Bolivar-Sucre,Bolivar,Calamar,15/07/1940 00:00,,CAUDAL,Q_MEDIA_M,Caudal medio mensual,Mensual,2021-05-01 00:00,8098.65201612895,50,,1200
29037020,CALAMAR [29037020],10.25386111,-74.91169444,8,Limnimétrica,INSTITUTO DE HIDROLOGIA METEOROLOGIA Y ESTUDIOS AMBIENTALES,Area Operativa 02 - Atlántico-Bolivar-Sucre,Bolivar,Calamar,15/07/1940 00:00,,CAUDAL,Q_MEDIA_M,Caudal medio mensual,Mensual,2021-06-01 00:00,9569.42374999995,50,,1200
29037020,CALAMAR [29037020],10.25386111,-74.91169444,8,Limnimétrica,INSTITUTO DE HIDROLOGIA METEOROLOGIA Y ESTUDIOS AMBIENTALES,Area Operativa 02 - Atlántico-Bolivar-Sucre,Bolivar,Calamar,15/07/1940 00:00,,CAUDAL,Q_MEDIA_M,Caudal medio mensual,Mensual,2021-07-01 00:00,10193.825,50,,1200
29037020,CALAMAR [29037020],10.25386111,-74.91169444,8,Limnimétrica,INSTITUTO DE HIDROLOGIA METEOROLOGIA Y ESTUDIOS AMBIENTALES,Area Operativa 02 - Atlántico-Bolivar-Sucre,Bolivar,Calamar,15/07/1940 00:00,,CAUDAL,Q_MEDIA_M,Caudal medio mensual,Mensual,2021-08-01 00:00,9928.31370967738,50,,1200
29037020,CALAMAR [29037020],10.25386111,-74.91169444,8,Limnimétrica,INSTITUTO DE HIDROLOGIA METEOROLOGIA Y ESTUDIOS AMBIENTALES,Area Operativa 02 - Atlántico-Bolivar-Sucre,Bolivar,Calamar,15/07/1940 00:00,,CAUDAL,Q_MEDIA_M,Caudal medio mensual,Mensual,2021-09-01 00:00,11220.8362499999,50,,1200
29037020,CALAMAR [29037020],10.25386111,-74.91169444,8,Limnimétrica,INSTITUTO DE HIDROLOGIA METEOROLOGIA Y ESTUDIOS AMBIENTALES,Area Operativa 02 - Atlántico-Bolivar-Sucre,Bolivar,Calamar,15/07/1940 00:00,,CAUDAL,Q_MEDIA_M,Caudal medio mensual,Mensual,2021-10-01 00:00,11779.1741935484,50,,1200
29037020,CALAMAR [29037020],10.25386111,-74.91169444,8,Limnimétrica,INSTITUTO DE HIDROLOGIA METEOROLOGIA Y ESTUDIOS AMBIENTALES,Area Operativa 02 - Atlántico-Bolivar-Sucre,Bolivar,Calamar,15/07/1940 00:00,,CAUDAL,Q_MEDIA_M,Caudal medio mensual,Mensual,2021-11-01 00:00,11984.56,50,,1200
29037020,CALAMAR [29037020],10.25386111,-74.91169444,8,Limnimétrica,INSTITUTO DE HIDROLOGIA METEOROLOGIA Y ESTUDIOS AMBIENTALES,Area Operativa 02 - Atlántico-Bolivar-Sucre,Bolivar,Calamar,15/07/1940 00:00,,CAUDAL,Q_MEDIA_M,Caudal medio mensual,Mensual,2021-12-01 00:00,11443.6431451614,50,,1200
29037020,CALAMAR [29037020],10.25386111,-74.91169444,8,Limnimétrica,INSTITUTO DE HIDROLOGIA METEOROLOGIA Y ESTUDIOS AMBIENTALES,Area Operativa 02 - Atlántico-Bolivar-Sucre,Bolivar,Calamar,15/07/1940 00:00,,CAUDAL,Q_MEDIA_M,Caudal medio mensual,Mensual,2022-01-01 00:00,7905.84072580661,50,,900
